profile_id,profile_visibility,phone_public,email_public,birthday_public,location_public,workplace_public,education_public,relationship_public,posts_public,location_tagging,travel_posts,unknown_connections,tag_review_enabled,third_party_apps_reviewed,mfa_enabled,login_alerts_enabled,password_reuse_reported,suspicious_link_awareness,old_posts_reviewed,privacy_settings_reviewed,risk_score,risk_level
synthetic-0001,friends,False,False,False,False,True,False,True,public,True,False,often,True,False,False,True,False,medium,False,True,57,HIGH
synthetic-0002,friends,True,False,True,True,True,False,False,friends,False,False,rarely,True,False,True,True,False,medium,False,False,37,MODERATE
synthetic-0003,public,True,True,True,True,False,True,False,public,True,True,rarely,False,False,True,False,False,medium,True,False,57,HIGH
synthetic-0004,friends,False,True,False,False,True,True,False,public,False,False,often,False,True,False,True,False,high,False,False,50,HIGH
synthetic-0005,friends,False,False,True,False,False,False,True,friends,True,False,rarely,True,True,False,True,True,high,False,True,34,MODERATE
synthetic-0006,private,False,False,True,True,False,False,False,friends,False,False,often,False,True,False,True,False,high,False,False,45,HIGH
synthetic-0007,friends,True,False,False,False,True,True,False,public,False,True,sometimes,False,False,True,True,False,low,True,False,44,HIGH
synthetic-0008,friends,False,False,False,False,False,True,False,private,False,True,often,True,False,True,True,False,low,True,True,35,MODERATE
synthetic-0009,public,False,False,False,False,False,False,True,friends,False,False,often,True,True,True,True,False,low,False,False,40,MODERATE
synthetic-0010,public,True,True,False,True,True,False,False,friends,True,False,rarely,True,False,True,True,False,high,True,False,34,MODERATE
synthetic-0011,public,False,False,True,False,False,False,False,friends,False,False,rarely,True,True,True,True,False,high,False,True,24,MODERATE
synthetic-0012,friends,True,False,True,True,False,False,True,friends,True,False,often,True,True,True,False,False,medium,False,True,52,HIGH
synthetic-0013,friends,False,False,True,False,True,False,False,public,False,True,often,True,True,True,True,False,medium,True,False,37,MODERATE
synthetic-0014,friends,False,True,False,False,False,False,True,friends,True,True,rarely,True,True,True,True,False,medium,False,True,32,MODERATE
synthetic-0015,private,False,True,True,True,False,True,False,public,False,False,often,True,False,False,True,True,low,False,False,63,HIGH
synthetic-0016,public,False,True,True,False,False,True,False,friends,False,False,rarely,True,False,False,False,True,medium,True,False,42,HIGH
synthetic-0017,public,False,False,True,False,True,False,False,private,True,False,sometimes,True,False,False,True,False,medium,True,False,37,MODERATE
synthetic-0018,private,False,False,False,False,True,False,True,public,False,True,often,False,True,False,True,True,high,True,False,48,HIGH
synthetic-0019,public,False,False,False,False,False,True,True,friends,False,False,sometimes,False,True,False,True,False,medium,True,True,36,MODERATE
synthetic-0020,public,False,False,False,False,False,True,False,friends,False,False,rarely,True,True,False,True,True,low,True,True,27,MODERATE
synthetic-0021,friends,False,False,False,True,True,True,True,friends,False,False,often,True,False,True,False,False,medium,True,False,47,HIGH
synthetic-0022,public,True,False,True,False,False,True,True,friends,False,False,sometimes,False,False,True,False,True,low,False,False,59,HIGH
synthetic-0023,friends,True,False,False,False,False,True,False,private,False,True,sometimes,True,True,True,True,False,high,True,True,19,LOW
synthetic-0024,public,False,False,True,False,True,False,False,public,True,False,rarely,True,True,True,False,True,medium,False,False,45,HIGH
synthetic-0025,friends,False,False,False,False,False,False,False,private,False,False,rarely,True,True,True,True,False,high,False,True,12,LOW
synthetic-0026,public,False,False,True,False,False,False,False,friends,False,True,sometimes,True,True,False,True,False,high,True,True,26,MODERATE
synthetic-0027,public,False,True,False,False,True,False,False,public,True,False,sometimes,True,True,True,False,True,medium,False,True,47,HIGH
synthetic-0028,friends,False,False,False,False,False,False,True,friends,False,False,often,True,True,False,False,False,medium,False,False,50,HIGH
synthetic-0029,friends,False,False,False,False,False,False,False,friends,True,False,often,True,True,False,True,False,medium,True,False,34,MODERATE
synthetic-0030,public,False,False,False,True,True,False,True,public,False,False,often,False,False,True,False,False,high,True,True,50,HIGH
synthetic-0031,friends,False,False,False,False,False,True,True,friends,False,False,rarely,True,False,True,True,False,low,False,False,32,MODERATE
synthetic-0032,friends,False,False,True,False,True,True,True,private,True,False,rarely,False,True,False,True,False,medium,True,False,35,MODERATE
synthetic-0033,public,True,False,False,False,True,False,False,private,True,True,rarely,False,False,False,True,False,medium,False,True,52,HIGH
synthetic-0034,friends,True,False,True,False,False,True,True,friends,True,False,often,True,True,True,True,False,low,True,False,42,HIGH
synthetic-0035,public,False,False,False,True,True,True,True,public,True,True,often,True,True,False,True,False,high,False,True,65,HIGH
synthetic-0036,friends,False,False,False,False,False,True,True,public,False,False,rarely,False,False,False,True,False,high,False,False,40,MODERATE
synthetic-0037,private,False,False,True,False,True,False,False,public,False,False,sometimes,False,True,False,True,False,medium,True,False,32,MODERATE
synthetic-0038,friends,False,False,False,True,True,False,False,friends,False,True,rarely,True,True,False,True,False,low,False,True,37,MODERATE
synthetic-0039,public,True,False,False,False,True,False,False,friends,False,False,sometimes,True,True,True,True,False,high,False,False,29,MODERATE
synthetic-0040,private,False,False,False,False,False,True,False,private,False,False,sometimes,False,True,True,True,False,medium,False,True,30,MODERATE
synthetic-0041,public,False,False,True,False,False,False,False,friends,False,False,often,True,True,True,True,True,medium,True,False,35,MODERATE
synthetic-0042,public,False,True,False,True,False,False,True,public,False,False,rarely,True,True,False,False,True,high,False,True,45,HIGH
synthetic-0043,friends,True,False,False,False,True,True,False,public,True,False,often,True,True,True,True,False,high,True,True,40,MODERATE
synthetic-0044,private,False,True,False,True,True,True,False,friends,False,False,often,True,False,False,True,True,low,True,False,58,HIGH
synthetic-0045,public,False,False,False,False,True,False,False,friends,True,False,rarely,False,False,False,False,True,medium,False,True,52,HIGH
synthetic-0046,friends,False,False,False,False,True,True,False,public,True,False,often,True,False,True,True,False,high,True,False,45,HIGH
synthetic-0047,private,False,True,False,False,False,True,False,friends,False,False,often,True,False,False,False,True,low,True,False,50,HIGH
synthetic-0048,public,False,False,False,False,False,True,True,friends,True,False,rarely,True,False,False,False,False,low,True,False,42,HIGH
synthetic-0049,public,False,True,False,True,False,False,False,private,False,False,rarely,False,False,False,False,False,medium,True,True,38,MODERATE
synthetic-0050,friends,True,False,False,False,True,False,True,private,True,False,sometimes,True,True,False,False,False,medium,True,True,34,MODERATE
synthetic-0051,friends,False,True,False,False,True,False,True,public,False,True,often,True,False,True,False,False,medium,False,True,55,HIGH
synthetic-0052,public,False,False,False,False,False,False,True,public,False,False,often,False,False,False,True,False,high,True,False,50,HIGH
synthetic-0053,friends,False,True,True,False,True,True,False,friends,False,False,rarely,True,True,True,True,False,low,False,False,32,MODERATE
synthetic-0054,friends,False,False,False,False,True,False,False,public,False,True,sometimes,True,False,True,True,False,high,False,False,36,MODERATE
synthetic-0055,friends,False,False,False,False,False,False,False,friends,False,False,often,True,True,False,True,False,high,False,False,40,MODERATE
synthetic-0056,friends,False,False,False,True,False,False,False,friends,True,False,sometimes,False,True,True,True,False,high,True,False,29,MODERATE
synthetic-0057,public,False,False,True,False,False,False,True,friends,True,True,rarely,True,True,True,True,False,medium,True,False,34,MODERATE
synthetic-0058,public,False,False,False,True,True,False,True,friends,True,True,often,False,True,True,True,False,high,True,False,50,HIGH
synthetic-0059,friends,True,False,True,True,False,False,False,friends,False,False,sometimes,True,True,False,True,True,medium,False,False,44,HIGH
synthetic-0060,public,False,False,False,False,True,True,True,friends,False,True,rarely,True,False,True,False,False,high,True,True,37,MODERATE
synthetic-0061,public,False,True,False,False,False,False,False,friends,False,False,rarely,False,True,False,True,False,medium,False,True,32,MODERATE
synthetic-0062,public,False,False,True,False,True,False,False,public,False,False,sometimes,False,False,False,True,True,low,False,True,54,HIGH
synthetic-0063,friends,True,False,True,False,False,True,True,public,False,False,rarely,False,True,False,True,False,low,False,False,50,HIGH
synthetic-0064,friends,False,False,False,False,False,False,False,public,False,True,sometimes,True,False,False,True,False,high,True,True,34,MODERATE
synthetic-0065,friends,False,False,False,False,False,False,False,friends,False,True,often,True,False,True,False,False,medium,False,True,44,HIGH
synthetic-0066,friends,True,False,False,True,True,True,False,friends,False,False,often,False,True,True,False,True,low,True,False,54,HIGH
synthetic-0067,friends,False,False,False,False,False,False,False,friends,True,False,rarely,True,True,True,True,True,high,False,False,27,MODERATE
synthetic-0068,friends,False,False,False,True,False,True,False,public,False,True,sometimes,False,False,True,True,False,medium,False,True,46,HIGH
synthetic-0069,public,False,False,True,False,False,False,True,private,False,False,often,False,True,True,True,True,low,False,True,48,HIGH
synthetic-0070,public,False,False,False,True,False,False,True,friends,False,True,often,True,True,True,True,False,low,True,False,47,HIGH
synthetic-0071,public,False,False,False,False,False,False,False,friends,True,False,sometimes,True,False,True,True,False,high,True,False,26,MODERATE
synthetic-0072,friends,False,False,False,False,True,False,False,public,True,True,often,False,True,True,True,True,medium,True,False,50,HIGH
synthetic-0073,public,False,False,True,False,False,False,False,friends,False,False,sometimes,False,True,False,True,False,medium,True,False,32,MODERATE
synthetic-0074,friends,True,False,True,False,False,False,False,friends,True,False,sometimes,False,True,False,False,False,low,False,True,49,HIGH
synthetic-0075,friends,True,False,False,True,True,False,False,friends,False,False,rarely,True,True,True,True,False,high,False,False,27,MODERATE
synthetic-0076,friends,False,False,False,False,True,True,False,public,False,False,sometimes,True,True,True,True,False,high,False,False,34,MODERATE
synthetic-0077,private,False,False,True,True,False,False,True,friends,False,True,often,False,True,True,True,False,medium,False,False,50,HIGH
synthetic-0078,friends,False,False,False,False,False,True,False,public,False,False,rarely,True,True,False,True,False,high,False,False,27,MODERATE
synthetic-0079,public,True,False,False,False,False,False,False,public,True,False,rarely,True,False,True,True,False,low,False,True,42,HIGH
synthetic-0080,friends,False,False,False,True,True,False,False,friends,False,False,sometimes,False,True,False,True,False,medium,False,False,41,HIGH
synthetic-0081,friends,True,False,False,True,False,True,False,public,False,False,sometimes,True,True,True,True,False,medium,False,True,39,MODERATE
synthetic-0082,public,False,False,False,False,False,False,True,private,True,False,sometimes,True,True,True,False,False,high,True,True,24,MODERATE
synthetic-0083,public,False,False,False,False,False,False,False,friends,False,False,sometimes,True,False,True,True,False,medium,False,True,29,MODERATE
synthetic-0084,private,False,False,False,False,False,False,True,friends,False,False,often,True,False,False,True,False,low,True,False,42,HIGH
synthetic-0085,public,False,False,False,False,False,False,False,friends,True,False,often,False,False,False,False,False,high,False,True,55,HIGH
synthetic-0086,friends,False,True,False,False,False,False,False,private,False,True,rarely,False,True,True,True,False,low,True,False,25,MODERATE
synthetic-0087,friends,False,False,False,False,False,False,False,friends,False,False,rarely,True,True,False,False,False,low,True,False,24,MODERATE
synthetic-0088,private,False,False,False,False,False,False,False,public,False,False,rarely,True,True,False,True,True,medium,False,False,30,MODERATE
synthetic-0089,public,False,False,True,False,True,False,False,public,False,True,rarely,False,True,True,False,False,high,True,False,35,MODERATE
synthetic-0090,friends,True,False,False,False,False,False,False,public,True,False,sometimes,True,True,False,False,False,low,False,False,46,HIGH
synthetic-0091,private,True,False,False,False,False,False,False,public,False,False,often,True,False,False,True,False,low,False,False,48,HIGH
synthetic-0092,private,False,True,True,False,True,True,False,private,False,False,often,True,False,False,False,False,high,True,True,40,MODERATE
synthetic-0093,private,True,False,False,True,True,False,False,friends,True,False,often,True,True,True,True,False,low,False,False,48,HIGH
synthetic-0094,friends,False,False,False,False,False,True,False,private,False,False,rarely,False,False,False,True,True,low,False,False,42,HIGH
synthetic-0095,public,False,False,False,True,True,False,True,friends,True,False,often,False,True,True,True,False,low,True,False,55,HIGH
synthetic-0096,friends,False,False,False,True,True,True,False,friends,False,True,sometimes,True,True,False,False,True,low,False,True,54,HIGH
synthetic-0097,private,False,True,False,False,True,False,True,friends,False,False,often,False,True,True,True,False,low,False,False,45,HIGH
synthetic-0098,friends,True,True,False,False,True,False,False,public,False,False,often,True,True,True,True,False,high,True,True,30,MODERATE
synthetic-0099,friends,False,True,False,True,False,False,False,friends,False,False,often,True,True,False,True,False,high,False,False,42,HIGH
synthetic-0100,friends,False,True,True,False,True,False,False,public,False,False,often,False,True,False,True,False,medium,False,False,52,HIGH
synthetic-0101,private,False,True,False,False,False,True,False,friends,True,True,rarely,False,True,True,False,False,low,False,False,50,HIGH
synthetic-0102,private,True,False,False,True,False,False,True,friends,False,True,often,True,False,True,True,False,medium,True,False,42,HIGH
synthetic-0103,friends,False,False,True,False,True,False,False,friends,True,False,rarely,True,True,True,True,False,high,False,False,27,MODERATE
synthetic-0104,friends,False,False,False,True,False,True,False,public,False,False,rarely,False,False,True,False,False,low,True,True,37,MODERATE
synthetic-0105,public,True,True,False,True,False,False,False,friends,False,True,rarely,True,True,True,True,True,high,False,False,44,HIGH
synthetic-0106,friends,False,False,True,False,True,True,False,private,True,False,sometimes,True,False,True,False,True,low,False,False,57,HIGH
synthetic-0107,public,False,False,False,True,False,False,False,friends,False,False,rarely,False,True,False,False,False,medium,True,True,32,MODERATE
synthetic-0108,private,True,False,True,False,False,False,False,private,False,True,often,True,False,False,False,False,medium,False,True,50,HIGH
synthetic-0109,private,False,True,False,False,True,False,False,friends,False,False,often,False,False,True,True,False,medium,False,False,45,HIGH
synthetic-0110,friends,False,False,True,True,False,False,False,public,True,True,often,False,True,False,True,False,medium,False,False,62,HIGH
synthetic-0111,friends,True,False,True,False,True,False,True,public,False,False,often,True,True,True,True,False,medium,True,True,35,MODERATE
synthetic-0112,public,False,False,False,False,False,False,True,public,True,False,rarely,True,False,True,True,True,low,False,True,42,HIGH
synthetic-0113,public,False,False,False,False,False,False,False,private,True,False,sometimes,True,False,True,False,False,low,True,False,40,MODERATE
synthetic-0114,private,False,True,False,False,False,True,False,public,True,True,sometimes,False,True,False,True,False,low,False,False,52,HIGH
synthetic-0115,friends,False,False,False,False,True,True,False,public,True,False,rarely,False,False,True,False,True,medium,True,True,42,HIGH
synthetic-0116,public,False,True,True,False,False,False,True,friends,False,False,sometimes,True,False,True,False,False,medium,True,False,36,MODERATE
synthetic-0117,friends,False,False,True,True,False,True,False,friends,True,False,rarely,True,True,True,True,True,high,False,False,42,HIGH
synthetic-0118,public,False,False,False,False,True,True,False,friends,False,False,rarely,True,False,True,True,False,medium,False,False,32,MODERATE
synthetic-0119,private,False,True,True,False,True,False,False,friends,False,False,rarely,True,True,True,True,False,low,True,False,20,LOW
synthetic-0120,friends,False,False,False,True,True,True,True,friends,False,False,sometimes,False,True,True,True,False,low,False,False,44,HIGH
synthetic-0121,friends,True,True,False,False,True,False,True,friends,False,False,sometimes,True,True,True,False,True,medium,False,False,44,HIGH
synthetic-0122,friends,False,False,False,True,False,True,False,friends,False,True,often,False,True,False,True,False,low,False,False,62,HIGH
synthetic-0123,friends,False,False,False,False,True,False,False,friends,False,False,rarely,False,False,True,False,True,high,False,False,39,MODERATE
synthetic-0124,public,False,False,False,False,False,False,False,private,False,False,rarely,False,False,True,False,False,medium,False,False,40,MODERATE
synthetic-0125,friends,True,False,False,False,False,False,False,private,False,False,sometimes,True,False,True,True,False,medium,False,False,29,MODERATE
synthetic-0126,friends,False,True,False,True,False,False,False,public,False,False,rarely,True,False,False,True,False,high,True,False,30,MODERATE
synthetic-0127,public,False,True,False,False,True,False,True,friends,True,False,often,True,True,True,False,False,medium,True,True,42,HIGH
synthetic-0128,friends,False,True,False,False,True,False,True,public,False,True,rarely,True,True,True,False,True,low,False,False,47,HIGH
synthetic-0129,public,False,False,False,False,True,True,True,public,False,False,rarely,True,False,True,False,True,high,False,False,45,HIGH
synthetic-0130,friends,False,False,False,True,False,False,False,public,False,False,sometimes,True,False,True,True,False,medium,False,False,42,HIGH
synthetic-0131,public,True,True,False,False,False,False,False,public,False,True,rarely,True,True,True,True,True,high,False,False,42,HIGH
synthetic-0132,friends,True,False,False,False,True,True,False,friends,False,False,sometimes,False,False,True,True,False,high,True,False,31,MODERATE
synthetic-0133,friends,True,True,False,True,False,False,True,friends,False,False,often,True,False,False,True,False,high,False,False,52,HIGH
synthetic-0134,friends,False,False,True,False,True,False,True,public,False,False,often,True,False,True,False,False,low,True,True,50,HIGH
synthetic-0135,friends,True,False,False,False,True,False,False,friends,False,True,sometimes,False,False,True,True,False,medium,True,False,41,HIGH
synthetic-0136,public,False,False,False,True,False,False,True,friends,True,False,often,True,False,False,True,False,low,True,False,52,HIGH
synthetic-0137,public,False,False,False,True,True,True,True,public,False,False,sometimes,True,False,True,True,False,medium,True,False,39,MODERATE
synthetic-0138,friends,False,False,False,False,False,True,False,private,True,True,rarely,True,True,True,True,False,medium,False,True,32,MODERATE
synthetic-0139,public,True,False,False,False,True,False,False,public,True,True,sometimes,True,True,True,False,False,medium,False,False,54,HIGH
synthetic-0140,friends,False,True,True,False,True,True,False,public,False,False,often,False,True,False,True,False,low,False,True,60,HIGH
synthetic-0141,private,True,False,True,False,False,False,True,friends,False,True,often,False,True,True,True,False,low,True,True,40,MODERATE
synthetic-0142,friends,False,True,True,False,False,False,False,friends,False,False,rarely,True,False,True,False,False,medium,True,True,29,MODERATE
synthetic-0143,friends,False,False,False,False,False,True,True,public,True,True,rarely,False,False,True,False,False,medium,True,False,44,HIGH
synthetic-0144,friends,False,False,False,True,False,False,False,public,False,True,sometimes,True,True,True,True,False,high,False,True,32,MODERATE
synthetic-0145,private,False,False,False,False,True,False,False,public,False,False,sometimes,False,True,False,True,False,medium,True,False,34,MODERATE
synthetic-0146,friends,False,False,False,False,False,False,False,friends,False,False,sometimes,True,False,True,False,True,low,True,False,34,MODERATE
synthetic-0147,private,False,False,True,False,False,True,False,public,True,False,often,False,False,False,False,False,medium,False,True,60,HIGH
synthetic-0148,public,True,True,False,False,False,False,False,public,False,False,often,False,False,True,False,False,medium,True,False,55,HIGH
synthetic-0149,public,True,True,True,False,False,False,True,friends,False,False,sometimes,False,True,False,True,False,high,True,True,34,MODERATE
synthetic-0150,public,False,False,True,True,True,False,False,friends,True,False,sometimes,True,False,False,True,False,high,True,True,39,MODERATE
synthetic-0151,public,False,False,False,True,False,True,False,friends,False,False,sometimes,True,True,False,True,False,low,False,True,39,MODERATE
synthetic-0152,public,False,False,False,False,True,False,False,friends,False,False,sometimes,True,True,False,True,False,low,False,False,36,MODERATE
synthetic-0153,friends,True,False,False,False,True,False,False,public,False,False,rarely,True,False,True,False,True,high,True,False,32,MODERATE
synthetic-0154,public,False,False,False,False,True,False,True,public,False,False,often,False,False,True,True,False,medium,False,True,50,HIGH
synthetic-0155,friends,True,False,False,False,True,False,False,friends,False,True,sometimes,False,False,True,False,False,medium,False,False,49,HIGH
synthetic-0156,friends,False,False,False,False,False,False,True,private,False,False,sometimes,False,False,False,False,False,high,True,False,39,MODERATE
synthetic-0157,friends,False,True,False,True,True,True,True,friends,False,True,sometimes,False,True,False,True,False,medium,False,False,54,HIGH
synthetic-0158,private,False,False,True,False,True,True,True,friends,False,False,often,False,False,False,True,False,high,False,False,52,HIGH
synthetic-0159,friends,True,False,True,False,False,False,False,friends,True,False,sometimes,True,True,True,True,False,low,True,False,34,MODERATE
synthetic-0160,friends,False,False,True,True,True,False,False,friends,False,True,rarely,False,False,True,True,False,high,False,False,42,HIGH
synthetic-0161,friends,False,False,False,True,True,False,True,friends,False,False,often,True,False,False,False,False,low,True,True,50,HIGH
synthetic-0162,public,False,False,False,False,False,False,False,friends,False,False,often,True,False,True,False,False,medium,False,False,45,HIGH
synthetic-0163,public,False,False,False,True,True,False,False,public,False,False,often,True,True,True,True,True,medium,True,False,42,HIGH
synthetic-0164,public,False,False,True,False,True,False,False,public,True,False,often,True,True,True,True,False,high,True,True,35,MODERATE
synthetic-0165,friends,False,True,False,False,True,False,False,public,True,False,rarely,True,True,True,False,False,low,False,True,37,MODERATE
synthetic-0166,private,False,False,True,False,False,False,True,private,False,True,rarely,True,True,True,False,True,medium,False,True,33,MODERATE
synthetic-0167,friends,False,False,True,False,True,False,False,public,False,True,rarely,False,True,True,True,False,low,False,True,37,MODERATE
synthetic-0168,friends,True,True,True,True,True,True,False,public,True,False,sometimes,True,False,False,False,False,high,True,False,54,HIGH
synthetic-0169,private,True,True,False,False,True,True,True,friends,False,False,sometimes,True,False,False,False,False,low,True,False,44,HIGH
synthetic-0170,public,False,False,True,False,False,False,False,friends,True,False,often,True,True,True,False,False,medium,False,False,52,HIGH
synthetic-0171,friends,True,False,True,False,False,False,False,public,True,False,sometimes,False,False,False,False,True,medium,False,True,59,HIGH
synthetic-0172,friends,False,False,False,False,False,False,False,public,False,False,rarely,False,False,True,False,False,low,False,True,42,HIGH
synthetic-0173,friends,True,False,True,False,False,False,True,friends,False,True,sometimes,True,True,False,True,False,medium,False,False,41,HIGH
synthetic-0174,public,False,False,True,False,True,False,False,friends,False,False,rarely,True,True,True,False,True,medium,False,False,37,MODERATE
synthetic-0175,friends,False,False,True,False,True,False,True,friends,False,False,sometimes,True,True,True,False,False,low,False,False,39,MODERATE
synthetic-0176,public,False,True,False,True,True,False,True,public,False,False,often,False,True,False,False,False,medium,True,False,62,HIGH
synthetic-0177,friends,False,False,False,False,True,False,True,friends,False,False,sometimes,True,True,False,False,False,medium,True,True,29,MODERATE
synthetic-0178,public,False,False,False,False,False,True,False,friends,False,True,often,False,True,True,False,True,low,False,True,62,HIGH
synthetic-0179,friends,False,False,False,False,False,False,False,friends,False,False,sometimes,False,True,True,True,False,high,True,False,19,LOW
synthetic-0180,private,True,False,True,False,True,False,False,friends,False,False,often,False,False,True,False,True,medium,False,True,60,HIGH
synthetic-0181,friends,False,False,True,False,True,False,False,friends,False,True,rarely,False,False,False,True,False,low,False,True,44,HIGH
synthetic-0182,public,True,False,True,False,False,True,False,friends,True,False,rarely,False,True,False,True,False,low,False,False,52,HIGH
synthetic-0183,friends,False,False,True,True,True,False,False,friends,False,True,often,False,False,True,True,True,low,False,False,64,HIGH
synthetic-0184,friends,False,False,False,False,False,False,False,private,False,False,often,True,False,True,False,True,medium,False,False,50,HIGH
synthetic-0185,friends,False,True,True,False,False,False,False,public,True,False,often,False,True,True,True,False,low,False,False,52,HIGH
synthetic-0186,private,False,False,True,True,False,False,False,friends,True,True,sometimes,True,True,True,True,False,high,False,False,42,HIGH
synthetic-0187,friends,True,False,True,False,True,True,False,friends,False,False,rarely,True,True,True,False,True,low,True,False,34,MODERATE
synthetic-0188,public,False,False,False,True,False,True,True,private,False,False,rarely,False,True,False,False,False,medium,False,False,45,HIGH
synthetic-0189,public,False,True,False,False,True,False,False,public,False,False,often,True,True,True,False,False,medium,True,False,40,MODERATE
synthetic-0190,public,False,False,True,False,False,True,False,public,False,False,often,True,True,True,False,False,medium,True,False,45,HIGH
synthetic-0191,private,False,False,True,False,False,False,True,friends,False,True,rarely,True,True,True,True,False,low,False,False,30,MODERATE
synthetic-0192,public,False,False,False,True,True,False,False,public,False,True,rarely,True,True,True,False,True,low,False,False,55,HIGH
synthetic-0193,public,False,False,True,False,False,True,False,public,True,True,often,True,True,False,True,False,medium,False,True,55,HIGH
synthetic-0194,friends,False,False,False,False,False,True,False,public,False,False,often,True,True,False,True,False,medium,False,False,42,HIGH
synthetic-0195,friends,True,True,False,True,True,True,False,friends,True,True,sometimes,False,True,True,True,False,medium,True,True,49,HIGH
synthetic-0196,friends,True,False,True,True,True,False,False,public,False,True,rarely,False,False,False,True,False,medium,False,True,52,HIGH
synthetic-0197,friends,False,True,False,True,False,True,False,friends,False,True,sometimes,True,True,True,False,False,high,False,True,39,MODERATE
synthetic-0198,private,False,False,True,False,False,False,True,friends,False,False,sometimes,True,True,True,True,False,medium,False,True,24,MODERATE
synthetic-0199,friends,False,True,True,False,True,False,False,friends,False,False,often,True,False,True,True,False,medium,False,False,44,HIGH
synthetic-0200,public,False,False,False,False,True,True,False,friends,False,False,rarely,True,True,True,True,False,medium,False,False,32,MODERATE
synthetic-0201,public,False,False,False,True,False,False,False,private,False,False,often,True,False,True,True,False,low,False,True,48,HIGH
synthetic-0202,public,False,False,False,False,False,False,False,public,False,False,sometimes,True,False,False,True,False,low,False,False,47,HIGH
synthetic-0203,friends,False,False,True,True,True,False,False,friends,True,True,rarely,True,True,True,False,True,medium,True,False,42,HIGH
synthetic-0204,public,False,True,True,False,False,False,False,private,True,False,sometimes,False,False,True,False,True,low,False,True,54,HIGH
synthetic-0205,public,False,False,False,True,True,False,True,friends,False,False,sometimes,False,True,True,False,False,high,True,False,36,MODERATE
synthetic-0206,public,False,True,False,True,False,False,True,friends,False,True,often,False,True,True,True,False,high,False,True,55,HIGH
synthetic-0207,public,True,False,False,False,True,True,False,private,False,False,sometimes,True,False,False,True,False,low,True,False,37,MODERATE
synthetic-0208,friends,False,False,False,False,True,False,False,private,True,False,sometimes,False,True,True,True,False,high,True,False,29,MODERATE
synthetic-0209,public,False,False,True,False,False,False,False,public,False,False,rarely,True,True,True,True,False,low,True,False,22,MODERATE
synthetic-0210,public,False,False,False,False,True,False,False,friends,False,False,often,True,True,False,True,False,medium,True,False,35,MODERATE
synthetic-0211,private,True,False,False,True,False,False,True,public,False,False,rarely,True,False,True,True,False,medium,False,True,38,MODERATE
synthetic-0212,public,False,False,False,True,True,True,False,friends,True,True,rarely,True,False,False,False,False,low,False,False,60,HIGH
synthetic-0213,public,False,False,False,True,True,True,True,public,False,False,often,False,True,False,True,False,high,False,False,58,HIGH
synthetic-0214,public,False,True,False,True,False,False,False,public,False,False,rarely,False,False,True,False,False,low,False,False,50,HIGH
synthetic-0215,friends,False,False,True,False,False,False,False,friends,True,False,often,True,False,True,True,False,low,False,False,47,HIGH
synthetic-0216,friends,False,True,True,False,True,False,False,public,True,False,sometimes,False,True,True,True,False,low,False,False,46,HIGH
synthetic-0217,public,False,False,True,False,False,False,False,friends,False,True,often,True,False,True,False,False,high,False,False,50,HIGH
synthetic-0218,public,False,False,False,False,False,False,False,public,False,False,often,True,True,True,True,True,medium,False,False,42,HIGH
synthetic-0219,public,False,False,False,True,False,False,False,friends,False,False,rarely,False,False,True,False,False,low,False,True,47,HIGH
synthetic-0220,friends,False,True,True,False,True,True,False,public,True,False,often,False,False,False,False,False,high,True,False,60,HIGH
synthetic-0221,friends,False,True,True,True,False,True,False,friends,True,False,rarely,False,False,True,True,False,medium,False,True,44,HIGH
synthetic-0222,public,False,False,False,False,True,False,False,friends,False,False,often,True,True,True,True,False,high,False,False,35,MODERATE
synthetic-0223,friends,False,False,True,True,False,False,True,private,False,False,often,False,True,False,True,False,high,True,False,40,MODERATE
synthetic-0224,public,False,True,False,False,False,False,False,public,True,True,rarely,True,False,True,True,True,high,False,False,50,HIGH
synthetic-0225,friends,False,False,True,False,False,False,False,friends,True,True,rarely,True,False,True,True,False,high,False,False,34,MODERATE
synthetic-0226,friends,False,False,False,False,False,True,False,friends,False,False,rarely,True,False,True,True,False,medium,False,False,27,MODERATE
synthetic-0227,friends,False,False,True,False,False,True,False,friends,False,True,often,False,False,True,False,False,medium,False,True,54,HIGH
synthetic-0228,public,False,False,False,False,False,True,False,friends,True,True,rarely,True,True,True,True,False,high,False,False,32,MODERATE
synthetic-0229,friends,False,False,False,False,True,False,False,public,True,True,sometimes,True,False,True,False,True,high,False,False,52,HIGH
synthetic-0230,private,True,False,True,False,True,False,True,friends,False,False,sometimes,False,False,True,True,True,high,True,True,34,MODERATE
synthetic-0231,friends,True,False,False,True,True,False,False,public,False,True,rarely,False,True,True,True,False,low,False,True,42,HIGH
synthetic-0232,friends,False,False,True,False,False,False,False,friends,False,True,often,False,True,False,True,False,high,True,True,37,MODERATE
synthetic-0233,private,False,True,False,True,False,True,True,private,False,True,rarely,False,False,False,False,False,low,True,False,48,HIGH
synthetic-0234,friends,False,False,False,True,False,True,False,public,True,False,rarely,True,True,True,False,False,medium,False,False,44,HIGH
synthetic-0235,private,True,True,False,False,False,True,False,friends,True,False,rarely,True,True,True,True,False,low,True,True,22,MODERATE
synthetic-0236,public,False,False,False,True,True,False,True,friends,False,False,rarely,False,False,True,True,False,medium,False,True,40,MODERATE
synthetic-0237,friends,False,False,False,False,False,False,True,public,False,False,often,False,False,True,True,False,low,True,True,45,HIGH
synthetic-0238,private,False,False,False,False,False,False,False,friends,True,False,often,True,True,False,True,False,low,True,True,32,MODERATE
synthetic-0239,friends,False,False,False,False,True,False,False,friends,True,True,often,True,False,False,False,False,low,False,False,62,HIGH
synthetic-0240,public,False,False,True,False,True,False,True,private,False,False,sometimes,True,False,True,True,False,low,False,False,40,MODERATE
synthetic-0241,friends,False,False,False,False,False,False,False,friends,True,False,sometimes,False,False,True,True,False,high,False,False,41,HIGH
synthetic-0242,friends,False,True,False,False,False,False,False,friends,True,False,rarely,False,False,True,True,False,low,False,False,44,HIGH
synthetic-0243,public,False,False,False,False,False,False,False,public,False,False,sometimes,True,False,True,False,False,low,True,True,32,MODERATE
synthetic-0244,friends,False,False,False,True,False,True,False,private,False,False,rarely,False,True,True,True,False,high,False,True,25,MODERATE
synthetic-0245,private,False,True,True,True,True,True,True,public,False,False,sometimes,False,True,True,True,False,low,False,False,50,HIGH
synthetic-0246,friends,False,False,True,False,True,False,False,friends,False,False,often,True,True,False,True,False,low,True,True,34,MODERATE
synthetic-0247,public,False,True,False,False,False,False,False,friends,False,True,rarely,False,True,True,True,False,low,False,False,37,MODERATE
synthetic-0248,private,False,True,False,False,False,True,False,public,False,True,sometimes,True,False,True,True,False,high,True,False,30,MODERATE
synthetic-0249,public,False,False,False,True,True,True,False,public,False,False,often,False,True,False,False,False,medium,False,False,62,HIGH
synthetic-0250,private,False,False,False,True,False,True,False,public,False,True,often,True,True,False,True,True,low,False,True,55,HIGH
synthetic-0251,public,False,False,True,True,False,True,False,friends,True,False,often,True,False,False,False,False,high,False,False,62,HIGH
synthetic-0252,public,False,False,True,False,True,False,False,friends,False,True,often,True,False,True,True,True,low,False,False,57,HIGH
synthetic-0253,public,False,False,True,False,False,True,True,private,True,False,sometimes,False,True,True,True,True,low,False,True,52,HIGH
synthetic-0254,friends,False,False,True,True,False,True,False,friends,True,False,rarely,True,True,True,True,False,low,False,False,42,HIGH
synthetic-0255,friends,False,False,False,True,False,False,False,friends,True,False,rarely,True,True,False,False,False,high,False,True,34,MODERATE
synthetic-0256,private,False,False,True,False,True,False,True,public,True,False,often,True,True,True,True,False,low,False,True,45,HIGH
synthetic-0257,friends,False,False,False,False,False,False,False,friends,False,False,sometimes,True,True,False,True,False,low,False,False,31,MODERATE
synthetic-0258,friends,False,False,True,False,True,True,False,friends,False,False,sometimes,False,True,True,True,False,low,False,False,39,MODERATE
synthetic-0259,friends,False,False,True,False,True,False,False,friends,False,False,rarely,False,True,True,True,True,medium,False,False,34,MODERATE
synthetic-0260,public,True,False,False,True,True,True,False,private,False,False,rarely,True,True,True,False,False,high,False,False,35,MODERATE
synthetic-0261,friends,False,True,True,False,True,False,False,friends,False,True,often,False,True,True,False,False,medium,False,False,54,HIGH
synthetic-0262,friends,False,False,True,False,False,False,False,friends,False,False,often,False,False,False,True,False,low,True,False,44,HIGH
synthetic-0263,friends,False,False,False,False,True,False,False,private,False,False,rarely,False,True,True,True,False,medium,False,False,25,MODERATE
synthetic-0264,friends,False,False,True,False,False,True,False,friends,True,False,rarely,True,True,False,False,False,medium,False,True,37,MODERATE
synthetic-0265,public,False,False,True,False,False,False,False,friends,False,False,often,True,False,True,False,True,medium,False,False,57,HIGH
synthetic-0266,friends,False,False,False,False,False,True,False,friends,False,True,sometimes,False,True,True,True,False,low,False,False,39,MODERATE
synthetic-0267,public,False,False,False,False,False,False,False,friends,False,False,often,False,False,False,True,True,medium,True,True,45,HIGH
synthetic-0268,public,False,False,False,False,True,True,False,friends,True,False,rarely,True,True,True,True,False,medium,True,True,22,MODERATE
synthetic-0269,public,False,False,False,False,False,False,True,public,False,True,rarely,False,False,False,True,False,high,True,False,42,HIGH
synthetic-0270,private,False,False,False,False,True,True,True,friends,False,False,sometimes,False,True,False,True,False,high,False,True,34,MODERATE
synthetic-0271,friends,False,False,False,False,True,True,False,public,True,False,sometimes,True,False,False,False,False,low,True,False,46,HIGH
synthetic-0272,public,False,False,False,False,True,True,False,friends,False,False,often,True,False,True,False,False,low,False,False,52,HIGH
synthetic-0273,friends,False,False,True,True,False,False,False,private,True,False,often,False,True,True,False,False,high,True,True,40,MODERATE
synthetic-0274,private,False,False,False,False,False,False,True,public,False,False,rarely,True,True,False,False,False,low,False,False,35,MODERATE
synthetic-0275,friends,False,False,True,False,False,True,False,public,True,False,sometimes,False,True,True,False,False,high,True,False,42,HIGH
synthetic-0276,friends,False,False,False,False,True,False,False,public,False,False,often,False,False,True,True,False,medium,True,True,42,HIGH
synthetic-0277,public,True,False,False,False,True,False,True,public,True,False,rarely,False,False,True,False,False,low,True,True,45,HIGH
synthetic-0278,public,True,False,False,False,False,True,False,friends,True,False,rarely,True,True,True,True,False,low,False,False,40,MODERATE
synthetic-0279,friends,True,True,False,False,False,True,False,public,True,False,often,True,True,False,False,False,low,True,False,57,HIGH
synthetic-0280,public,True,True,False,False,True,False,False,public,True,True,often,True,False,False,True,False,medium,False,True,62,HIGH
synthetic-0281,friends,True,False,False,True,True,True,False,public,True,False,sometimes,True,False,True,True,False,medium,False,False,49,HIGH
synthetic-0282,friends,False,False,True,False,False,False,False,friends,False,False,rarely,True,False,True,True,False,low,False,False,34,MODERATE
synthetic-0283,private,False,False,False,False,True,False,False,friends,True,False,often,True,True,False,False,False,medium,True,False,45,HIGH
synthetic-0284,public,False,False,False,False,False,True,False,friends,True,False,rarely,True,False,False,True,True,medium,False,True,47,HIGH
synthetic-0285,friends,False,True,False,False,True,False,False,friends,False,False,often,True,True,True,True,False,low,False,False,40,MODERATE
synthetic-0286,friends,False,False,False,False,False,False,False,public,False,False,sometimes,True,True,True,True,False,low,False,True,26,MODERATE
synthetic-0287,friends,False,False,False,False,False,False,True,friends,False,False,often,True,True,False,True,False,high,False,False,37,MODERATE
synthetic-0288,private,False,False,False,True,True,False,False,friends,True,True,often,False,True,True,True,False,medium,False,False,52,HIGH
synthetic-0289,friends,False,False,True,False,True,True,False,friends,False,True,sometimes,True,True,False,False,False,high,False,False,44,HIGH
synthetic-0290,friends,True,False,True,True,True,False,True,public,True,False,sometimes,True,False,True,True,False,medium,False,False,56,HIGH
synthetic-0291,private,False,False,False,False,False,False,False,public,False,False,rarely,False,False,True,True,False,high,True,False,20,LOW
synthetic-0292,public,False,True,True,False,False,True,False,friends,True,True,rarely,False,False,False,False,False,medium,True,False,52,HIGH
synthetic-0293,private,True,False,True,False,True,True,False,private,False,True,rarely,False,False,True,True,False,low,False,False,43,HIGH
synthetic-0294,private,True,True,False,False,False,True,False,public,False,True,sometimes,False,True,True,True,False,high,True,False,32,MODERATE
synthetic-0295,public,False,False,False,False,True,False,True,friends,True,False,rarely,True,False,False,True,False,low,False,True,42,HIGH
synthetic-0296,friends,False,False,False,False,True,False,False,friends,False,False,rarely,True,False,True,True,False,low,True,True,19,LOW
synthetic-0297,public,False,False,False,False,False,False,True,friends,True,False,rarely,True,True,False,False,False,low,False,True,40,MODERATE
synthetic-0298,friends,False,False,False,False,False,True,True,friends,True,True,rarely,False,False,True,True,False,high,True,False,39,MODERATE
synthetic-0299,public,False,False,True,False,False,False,False,public,True,False,rarely,False,True,False,True,False,high,True,False,37,MODERATE
synthetic-0300,friends,True,False,False,True,True,False,False,friends,False,False,often,True,False,False,False,True,high,False,True,62,HIGH
synthetic-0301,friends,False,False,False,False,False,False,False,public,False,True,rarely,False,True,False,False,False,low,True,False,42,HIGH
synthetic-0302,private,False,False,True,False,True,False,False,private,False,False,sometimes,True,False,True,True,False,medium,False,False,30,MODERATE
synthetic-0303,public,False,False,True,False,False,False,False,friends,False,True,often,False,False,False,True,False,low,False,True,62,HIGH
synthetic-0304,friends,True,False,False,True,False,False,True,friends,False,False,rarely,False,True,True,True,False,low,False,False,42,HIGH
synthetic-0305,friends,False,False,False,False,False,True,False,friends,True,False,often,False,True,True,True,False,low,True,True,37,MODERATE
synthetic-0306,friends,False,False,False,False,False,False,False,friends,False,False,rarely,True,False,True,False,False,medium,False,True,27,MODERATE
synthetic-0307,friends,True,True,False,False,False,True,False,private,True,False,often,True,True,True,True,False,low,False,False,45,HIGH
synthetic-0308,friends,False,False,False,False,True,True,False,friends,False,False,often,False,False,True,True,True,medium,True,False,44,HIGH
synthetic-0309,public,False,True,True,False,True,True,False,friends,False,False,sometimes,True,False,True,False,False,medium,True,True,36,MODERATE
synthetic-0310,friends,False,False,False,True,True,False,True,friends,False,False,often,False,True,True,True,True,medium,False,False,57,HIGH
synthetic-0311,private,False,False,False,False,False,True,True,friends,False,False,sometimes,True,True,True,True,False,medium,False,False,27,MODERATE
synthetic-0312,private,False,False,False,False,False,True,False,friends,False,False,sometimes,False,False,True,True,False,high,True,False,24,MODERATE
synthetic-0313,public,False,True,True,False,False,False,False,friends,False,False,often,True,True,False,True,False,medium,True,False,37,MODERATE
synthetic-0314,public,False,False,False,False,True,False,False,public,True,False,sometimes,False,False,False,True,False,low,False,False,59,HIGH
synthetic-0315,friends,False,False,True,False,False,False,False,friends,False,True,rarely,True,False,True,True,False,low,False,False,39,MODERATE
synthetic-0316,public,False,False,False,True,False,False,True,public,False,False,often,False,False,False,True,False,medium,True,False,58,HIGH
synthetic-0317,friends,False,False,False,True,False,True,False,friends,False,False,often,True,True,True,True,True,medium,True,False,37,MODERATE
synthetic-0318,friends,True,False,True,False,False,False,False,public,True,False,sometimes,True,True,False,False,True,high,False,False,49,HIGH
synthetic-0319,friends,False,False,False,True,True,False,False,friends,False,True,sometimes,True,True,True,True,False,low,False,False,39,MODERATE
synthetic-0320,friends,False,False,False,False,True,False,False,friends,False,True,sometimes,True,True,True,False,False,high,False,False,34,MODERATE
synthetic-0321,friends,False,True,False,True,True,False,False,friends,True,False,rarely,True,False,True,False,False,low,False,True,44,HIGH
synthetic-0322,public,False,False,False,False,True,True,False,private,False,True,often,True,True,True,True,False,high,True,False,33,MODERATE
synthetic-0323,friends,False,False,False,False,False,False,False,public,True,True,sometimes,False,True,True,True,False,low,False,False,49,HIGH
synthetic-0324,public,False,False,True,False,True,True,True,friends,False,False,sometimes,True,True,True,True,False,high,False,False,34,MODERATE
synthetic-0325,private,False,False,True,False,False,False,False,public,True,False,sometimes,False,True,False,False,True,high,True,True,40,MODERATE
synthetic-0326,public,False,True,False,False,False,False,False,friends,False,True,rarely,False,True,True,False,False,high,False,False,42,HIGH
synthetic-0327,friends,False,True,False,True,False,True,False,friends,True,False,sometimes,False,False,True,True,True,medium,True,True,49,HIGH
synthetic-0328,friends,False,False,True,False,False,False,False,friends,False,False,rarely,True,False,False,True,True,low,True,False,32,MODERATE
synthetic-0329,friends,False,False,True,False,True,False,False,friends,False,False,often,True,False,False,False,True,low,True,False,57,HIGH
synthetic-0330,friends,False,False,False,False,False,False,False,friends,False,False,often,True,False,False,False,False,medium,False,False,47,HIGH
synthetic-0331,public,False,False,False,False,True,True,False,friends,False,False,often,True,True,True,True,False,medium,True,False,37,MODERATE
synthetic-0332,friends,False,False,False,True,True,False,False,public,False,False,sometimes,False,True,False,False,False,high,True,False,39,MODERATE
synthetic-0333,public,True,False,True,False,False,False,False,friends,False,False,sometimes,False,False,True,False,False,medium,False,True,44,HIGH
synthetic-0334,public,False,True,True,False,True,True,False,public,False,False,often,True,True,True,True,False,high,False,False,45,HIGH
synthetic-0335,friends,False,False,False,False,True,True,False,public,False,False,sometimes,False,False,True,True,False,medium,False,False,42,HIGH
synthetic-0336,private,False,True,True,False,False,True,False,private,False,True,rarely,False,True,False,True,False,high,False,False,35,MODERATE
synthetic-0337,friends,False,False,False,False,False,False,False,friends,False,False,rarely,False,False,False,False,False,medium,False,True,37,MODERATE
synthetic-0338,friends,False,False,False,False,True,False,False,public,False,True,rarely,True,False,False,True,False,medium,True,True,34,MODERATE
synthetic-0339,friends,False,False,False,False,False,False,False,friends,False,True,often,False,True,True,False,False,high,False,False,44,HIGH
synthetic-0340,private,False,True,True,True,True,False,False,public,False,False,often,True,True,False,True,False,medium,False,True,48,HIGH
synthetic-0341,friends,True,False,False,False,False,True,False,friends,False,False,often,False,True,True,True,True,low,True,True,40,MODERATE
synthetic-0342,public,False,True,True,False,True,True,False,public,False,False,rarely,True,False,False,False,False,medium,True,False,42,HIGH
synthetic-0343,friends,False,False,False,False,False,True,False,private,False,False,rarely,False,False,False,False,True,medium,False,False,45,HIGH
synthetic-0344,public,False,False,False,False,True,False,False,friends,False,False,often,True,False,True,True,False,low,True,False,37,MODERATE
synthetic-0345,friends,False,True,False,False,False,False,True,friends,False,True,rarely,False,False,False,True,False,low,True,True,42,HIGH
synthetic-0346,friends,True,False,False,True,False,True,False,friends,False,True,sometimes,False,True,True,False,False,medium,True,False,41,HIGH
synthetic-0347,friends,False,False,False,False,False,False,False,friends,False,True,rarely,True,False,True,False,True,high,False,False,37,MODERATE
synthetic-0348,public,False,True,False,True,True,True,False,public,True,False,sometimes,True,True,False,True,False,high,False,True,47,HIGH
synthetic-0349,public,True,False,True,True,False,True,False,public,False,False,rarely,False,True,True,False,False,low,False,False,50,HIGH
synthetic-0350,public,False,True,False,False,False,False,False,friends,False,False,rarely,True,False,False,True,False,low,False,True,34,MODERATE
synthetic-0351,friends,False,True,False,False,True,False,True,friends,True,False,often,False,False,True,True,False,medium,True,True,50,HIGH
synthetic-0352,private,False,False,True,True,True,True,True,public,True,True,often,True,False,False,True,True,high,True,True,60,HIGH
synthetic-0353,friends,False,False,False,True,True,False,False,friends,False,False,sometimes,False,True,True,True,False,high,True,True,24,MODERATE
synthetic-0354,private,False,False,False,False,True,False,True,public,False,True,often,True,False,False,True,False,low,False,True,53,HIGH
synthetic-0355,friends,False,True,False,False,False,False,False,friends,False,False,rarely,False,True,True,True,False,high,True,True,14,LOW
synthetic-0356,public,False,False,False,False,False,True,False,friends,False,False,often,False,True,True,False,False,low,True,False,47,HIGH
synthetic-0357,friends,True,False,False,False,True,True,False,public,False,False,rarely,True,True,False,True,False,medium,True,False,32,MODERATE
synthetic-0358,friends,False,False,True,True,True,False,False,public,True,False,sometimes,False,True,False,False,False,medium,False,False,56,HIGH
synthetic-0359,public,False,False,False,False,False,False,False,public,False,False,often,False,False,True,False,True,low,False,True,58,HIGH
synthetic-0360,friends,False,False,False,False,True,False,False,public,False,False,sometimes,True,False,True,False,False,medium,False,True,36,MODERATE
synthetic-0361,friends,False,False,False,False,False,False,False,public,True,False,often,False,True,True,True,False,high,False,False,42,HIGH
synthetic-0362,friends,False,True,True,False,True,True,False,friends,False,False,rarely,True,True,True,True,True,high,True,False,24,MODERATE
synthetic-0363,friends,False,True,False,False,True,True,True,friends,False,False,rarely,False,True,True,False,False,medium,False,False,44,HIGH
synthetic-0364,friends,False,True,False,False,True,True,False,public,False,False,rarely,True,True,True,True,False,high,True,False,20,LOW
synthetic-0365,public,False,False,True,False,False,True,False,friends,False,False,often,True,False,True,True,True,low,False,False,52,HIGH
synthetic-0366,public,False,False,False,False,False,False,False,public,False,False,rarely,True,True,True,False,True,medium,True,True,25,MODERATE
synthetic-0367,public,False,False,False,False,False,True,True,public,False,False,often,True,False,True,True,False,medium,True,True,38,MODERATE
synthetic-0368,public,False,False,False,True,True,False,False,public,True,False,sometimes,False,False,True,True,False,medium,False,False,52,HIGH
synthetic-0369,private,False,False,True,True,False,False,True,private,False,False,rarely,True,False,False,False,False,low,True,True,33,MODERATE
synthetic-0370,public,True,False,False,False,False,False,False,friends,False,True,sometimes,False,False,True,True,False,medium,False,False,44,HIGH
synthetic-0371,friends,False,False,False,False,True,False,False,private,True,True,sometimes,False,False,False,True,False,high,False,True,44,HIGH
synthetic-0372,friends,False,False,False,False,True,False,False,public,True,False,sometimes,False,True,True,False,False,low,True,True,42,HIGH
synthetic-0373,public,False,False,False,True,False,False,False,public,True,False,often,False,False,False,False,False,medium,True,True,58,HIGH
synthetic-0374,private,False,True,False,False,False,False,True,private,False,True,often,True,False,False,False,False,high,True,True,40,MODERATE
synthetic-0375,friends,False,False,True,False,True,False,True,friends,False,False,sometimes,True,True,False,False,False,medium,True,True,36,MODERATE
synthetic-0376,friends,False,False,False,False,False,False,False,private,True,False,rarely,True,True,True,False,False,medium,True,True,22,MODERATE
synthetic-0377,friends,False,True,True,False,True,True,False,public,True,True,rarely,True,True,False,True,True,high,False,False,50,HIGH
synthetic-0378,public,True,True,False,False,False,False,False,private,False,False,rarely,True,True,False,True,True,low,False,False,38,MODERATE
synthetic-0379,private,False,False,True,False,False,False,False,private,True,False,often,True,True,True,True,False,low,True,False,30,MODERATE
synthetic-0380,friends,False,False,False,False,False,False,False,private,True,False,rarely,True,True,False,True,False,medium,False,True,30,MODERATE
synthetic-0381,friends,False,False,False,False,False,False,True,friends,True,False,sometimes,False,True,True,True,False,low,False,True,41,HIGH
synthetic-0382,friends,True,True,True,False,True,True,False,friends,False,True,sometimes,True,False,False,True,False,high,False,False,54,HIGH
synthetic-0383,friends,False,False,True,True,False,False,False,friends,False,True,often,True,True,True,False,False,high,True,False,40,MODERATE
synthetic-0384,friends,True,False,True,False,False,True,True,friends,False,False,often,True,True,True,True,False,high,True,False,37,MODERATE
synthetic-0385,public,False,True,True,False,False,False,True,friends,False,False,rarely,True,False,True,False,False,low,False,False,42,HIGH
synthetic-0386,public,False,False,False,True,True,False,False,public,False,False,rarely,False,False,True,True,True,medium,True,False,40,MODERATE
synthetic-0387,public,False,True,True,False,True,False,False,public,False,False,often,True,False,False,True,True,low,False,False,68,HIGH
synthetic-0388,public,False,True,False,False,False,False,True,friends,False,False,often,True,True,False,True,False,low,False,False,47,HIGH
synthetic-0389,public,False,True,False,False,False,True,True,public,False,False,sometimes,True,True,False,True,True,high,False,True,42,HIGH
synthetic-0390,friends,False,False,True,False,False,False,False,friends,True,False,sometimes,False,True,False,True,False,medium,True,False,34,MODERATE
synthetic-0391,friends,False,False,True,False,False,True,False,friends,False,False,rarely,True,True,False,True,False,high,False,True,24,MODERATE
synthetic-0392,private,False,False,False,False,False,False,False,public,True,False,sometimes,False,True,True,False,False,low,True,False,34,MODERATE
synthetic-0393,public,True,False,False,False,True,True,True,friends,False,False,rarely,False,False,True,True,False,medium,True,True,32,MODERATE
synthetic-0394,private,False,False,False,False,True,False,False,friends,False,True,rarely,True,False,False,True,False,medium,True,True,25,MODERATE
synthetic-0395,friends,False,True,True,False,True,True,False,friends,False,False,often,True,False,False,True,True,medium,False,False,57,HIGH
synthetic-0396,public,True,True,True,True,True,False,False,friends,True,True,often,False,False,True,True,True,medium,False,False,80,CRITICAL
synthetic-0397,friends,False,False,True,False,False,False,False,private,False,False,often,False,False,False,True,True,medium,False,False,52,HIGH
synthetic-0398,public,False,False,False,False,False,False,False,friends,False,True,rarely,False,False,True,True,False,low,True,False,32,MODERATE
synthetic-0399,friends,True,False,False,False,False,False,False,friends,False,False,often,False,False,False,False,False,high,True,False,44,HIGH
synthetic-0400,public,False,True,False,True,False,True,True,friends,False,False,often,True,False,True,False,False,medium,False,True,55,HIGH
synthetic-0401,public,True,True,False,False,True,False,False,friends,False,False,rarely,True,True,False,False,False,low,False,False,42,HIGH
synthetic-0402,private,True,True,True,False,False,False,True,friends,False,False,sometimes,True,True,True,True,True,medium,True,True,32,MODERATE
synthetic-0403,friends,False,True,False,False,False,True,False,friends,False,False,sometimes,True,True,False,False,True,high,False,True,39,MODERATE
synthetic-0404,private,False,False,False,False,False,True,False,public,False,False,often,False,False,True,False,True,high,False,False,53,HIGH
synthetic-0405,public,True,True,False,False,False,True,False,friends,True,False,sometimes,False,True,False,True,False,low,False,True,49,HIGH
synthetic-0406,private,False,False,False,False,True,False,True,friends,False,False,rarely,True,False,False,True,True,low,False,False,40,MODERATE
synthetic-0407,public,True,False,False,False,False,False,False,private,True,True,sometimes,True,False,True,False,False,low,False,False,54,HIGH
synthetic-0408,private,False,False,True,True,False,False,False,friends,True,False,rarely,True,False,True,True,False,low,False,True,40,MODERATE
synthetic-0409,public,False,False,False,False,True,False,False,friends,False,True,rarely,True,False,False,False,False,low,False,True,44,HIGH
synthetic-0410,friends,False,True,True,True,True,False,False,public,True,False,rarely,True,False,True,False,False,high,True,False,40,MODERATE
synthetic-0411,friends,False,False,False,False,False,True,False,friends,True,True,often,True,True,True,False,True,low,False,False,57,HIGH
synthetic-0412,public,False,False,False,True,False,False,False,friends,False,True,often,True,False,False,False,False,medium,False,False,60,HIGH
synthetic-0413,friends,False,False,True,False,True,True,False,public,False,False,sometimes,False,True,True,True,True,high,True,True,32,MODERATE
synthetic-0414,private,False,True,False,False,False,False,True,public,False,False,sometimes,True,False,False,True,True,medium,True,False,37,MODERATE
synthetic-0415,friends,False,False,False,True,False,False,False,friends,True,False,sometimes,True,False,False,False,False,low,True,False,44,HIGH
synthetic-0416,friends,False,False,False,False,False,True,False,friends,True,False,sometimes,False,False,True,True,False,low,True,False,36,MODERATE
synthetic-0417,friends,False,False,False,False,False,False,False,friends,False,False,sometimes,True,True,False,True,False,low,False,True,29,MODERATE
synthetic-0418,friends,False,False,False,False,False,False,False,private,False,True,often,True,True,True,True,False,high,True,True,22,MODERATE
synthetic-0419,private,False,True,True,False,True,False,False,public,True,False,rarely,True,False,False,False,True,high,True,False,42,HIGH
synthetic-0420,public,False,True,True,True,False,True,False,friends,True,True,sometimes,True,False,True,True,False,medium,True,True,49,HIGH
synthetic-0421,friends,False,True,True,False,True,False,True,public,True,True,sometimes,True,True,True,False,True,low,False,True,56,HIGH
synthetic-0422,friends,True,False,False,False,False,False,False,friends,True,False,often,True,True,True,False,False,medium,True,False,37,MODERATE
synthetic-0423,public,True,False,False,False,True,True,True,friends,True,False,rarely,False,True,False,False,False,low,False,True,52,HIGH
synthetic-0424,private,True,False,True,True,True,True,True,friends,False,False,rarely,True,False,True,True,False,low,True,True,37,MODERATE
synthetic-0425,public,False,False,False,True,True,False,False,friends,True,False,rarely,True,True,False,True,False,high,False,False,37,MODERATE
synthetic-0426,friends,False,False,False,False,True,True,False,public,True,True,rarely,False,True,True,False,False,high,True,False,37,MODERATE
synthetic-0427,public,False,False,False,False,True,True,False,private,False,False,rarely,False,False,True,False,True,high,False,False,42,HIGH
synthetic-0428,private,False,False,True,False,True,False,True,friends,False,False,rarely,False,False,True,False,False,medium,True,True,35,MODERATE
synthetic-0429,public,False,False,False,False,False,False,False,public,True,False,rarely,True,True,True,True,False,medium,False,True,32,MODERATE
synthetic-0430,friends,False,False,True,False,False,True,True,friends,False,False,rarely,True,False,True,False,False,high,False,True,37,MODERATE
synthetic-0431,private,False,False,False,False,True,False,False,public,False,False,rarely,False,True,True,True,False,low,False,False,30,MODERATE
synthetic-0432,public,False,False,True,True,True,False,True,public,False,False,rarely,True,True,False,False,False,high,True,True,35,MODERATE
synthetic-0433,public,True,False,False,False,False,True,True,private,False,False,rarely,False,True,False,True,True,low,True,False,38,MODERATE
synthetic-0434,private,False,False,True,False,False,False,True,public,False,True,often,True,True,True,True,False,low,True,False,38,MODERATE
synthetic-0435,friends,True,False,True,False,True,False,False,public,False,False,often,True,False,True,False,False,high,False,True,47,HIGH
synthetic-0436,private,False,True,False,False,False,True,False,private,True,False,sometimes,False,True,True,True,False,low,False,False,37,MODERATE
synthetic-0437,private,True,True,False,False,False,False,True,private,False,False,often,True,False,True,True,False,medium,False,False,40,MODERATE
synthetic-0438,friends,False,False,False,False,False,False,False,friends,True,True,rarely,True,False,False,False,False,high,True,True,37,MODERATE
synthetic-0439,private,True,True,False,False,False,False,True,friends,False,False,rarely,False,False,True,False,False,high,True,False,30,MODERATE
synthetic-0440,public,False,True,True,False,False,False,True,friends,True,True,often,True,False,False,True,False,low,True,False,57,HIGH
synthetic-0441,private,False,False,True,True,True,False,False,friends,True,True,sometimes,False,False,False,True,True,low,False,False,64,HIGH
synthetic-0442,friends,False,False,True,True,False,True,True,public,False,False,often,False,True,True,False,True,high,True,True,50,HIGH
synthetic-0443,friends,False,False,True,True,True,True,True,public,True,False,often,True,False,True,True,True,low,True,False,65,HIGH
synthetic-0444,friends,False,False,False,False,False,True,False,public,False,True,rarely,True,True,False,True,True,high,True,False,34,MODERATE
synthetic-0445,friends,True,False,True,False,False,True,True,private,False,True,rarely,True,False,True,False,False,medium,False,True,45,HIGH
synthetic-0446,public,True,False,False,True,False,False,False,friends,False,False,often,False,True,False,True,True,high,False,False,55,HIGH
synthetic-0447,public,False,False,True,False,False,False,False,public,False,False,often,False,False,True,True,False,medium,False,False,55,HIGH
synthetic-0448,public,False,False,False,False,True,False,False,friends,False,False,rarely,False,False,True,True,False,medium,True,False,27,MODERATE
synthetic-0449,public,True,False,False,False,False,True,False,friends,False,False,sometimes,True,True,True,False,False,low,False,True,36,MODERATE
synthetic-0450,friends,True,True,False,False,False,True,False,friends,False,False,often,True,False,False,False,False,low,True,True,47,HIGH
synthetic-0451,public,False,False,True,False,True,True,False,public,False,False,sometimes,True,True,True,True,False,high,False,False,34,MODERATE
synthetic-0452,private,False,False,True,False,False,True,False,friends,False,False,rarely,False,True,False,False,False,medium,True,False,30,MODERATE
synthetic-0453,friends,False,False,True,False,False,True,True,friends,False,False,rarely,False,False,True,True,False,low,False,True,42,HIGH
synthetic-0454,friends,False,False,False,False,False,False,False,public,False,False,sometimes,True,True,True,True,False,low,False,True,26,MODERATE
synthetic-0455,friends,False,False,False,True,True,False,True,friends,True,False,often,True,False,False,True,False,low,False,False,60,HIGH
synthetic-0456,private,False,True,False,False,True,False,False,public,False,False,rarely,True,False,False,True,False,low,True,False,30,MODERATE
synthetic-0457,friends,False,False,True,True,True,False,False,friends,False,False,rarely,False,True,False,True,False,high,False,False,42,HIGH
synthetic-0458,public,True,False,False,False,True,False,False,friends,False,False,rarely,False,False,True,True,False,high,False,False,34,MODERATE
synthetic-0459,friends,False,True,False,False,True,False,False,public,False,True,often,True,True,True,False,True,medium,False,True,52,HIGH
synthetic-0460,private,False,True,False,False,True,True,False,friends,True,False,sometimes,False,True,True,False,False,medium,False,True,42,HIGH
synthetic-0461,friends,False,False,True,True,True,False,False,friends,True,False,sometimes,True,False,True,True,False,high,True,True,31,MODERATE
synthetic-0462,public,False,True,True,False,True,False,False,friends,True,False,often,True,False,True,False,False,low,False,False,65,HIGH
synthetic-0463,public,False,False,True,False,False,True,True,public,False,False,sometimes,True,False,False,True,False,medium,True,True,37,MODERATE
synthetic-0464,private,False,False,True,False,False,False,False,friends,False,False,often,True,True,False,True,False,low,True,True,30,MODERATE
synthetic-0465,public,False,True,False,False,True,True,False,public,True,True,rarely,True,False,False,False,False,low,True,False,52,HIGH
synthetic-0466,public,False,False,False,False,True,True,False,friends,False,False,sometimes,True,False,True,True,False,high,False,False,39,MODERATE
synthetic-0467,private,False,True,True,False,False,True,False,private,False,False,sometimes,True,True,True,False,False,low,False,True,37,MODERATE
synthetic-0468,friends,True,True,True,False,False,False,True,friends,True,False,sometimes,False,True,True,False,False,high,True,False,44,HIGH
synthetic-0469,public,False,False,True,True,False,True,False,friends,False,False,sometimes,False,False,True,True,False,medium,False,True,44,HIGH
synthetic-0470,friends,False,True,False,False,False,False,True,public,True,False,often,True,False,True,True,False,medium,True,False,47,HIGH
synthetic-0471,friends,False,False,True,False,False,True,False,private,False,False,rarely,True,True,True,True,False,low,False,True,22,MODERATE
synthetic-0472,private,False,True,True,False,False,True,False,friends,True,False,often,True,True,True,True,False,high,False,False,45,HIGH
synthetic-0473,friends,False,False,False,False,False,False,False,public,True,True,often,True,True,True,True,True,low,False,False,52,HIGH
synthetic-0474,public,False,True,False,False,True,False,False,friends,True,False,rarely,False,False,False,False,False,low,True,True,44,HIGH
synthetic-0475,private,False,False,True,True,True,False,False,public,False,False,rarely,True,False,True,True,False,low,False,False,42,HIGH
synthetic-0476,friends,True,False,False,False,False,False,False,public,False,False,often,False,True,True,True,False,low,False,True,47,HIGH
synthetic-0477,friends,False,True,False,False,True,False,False,friends,False,True,often,True,False,False,False,True,low,False,False,70,HIGH
synthetic-0478,private,False,False,True,False,False,True,True,private,False,False,rarely,True,False,True,False,False,high,False,False,35,MODERATE
synthetic-0479,friends,False,False,False,False,True,False,True,friends,True,False,rarely,True,True,True,True,True,high,True,True,27,MODERATE
synthetic-0480,public,False,True,True,True,False,True,False,private,True,True,sometimes,False,True,False,True,False,high,False,False,54,HIGH
synthetic-0481,friends,False,False,True,False,True,False,True,public,True,False,rarely,True,True,False,False,False,low,False,True,44,HIGH
synthetic-0482,private,False,False,False,True,False,False,False,friends,False,False,sometimes,False,False,True,True,True,medium,True,False,34,MODERATE
synthetic-0483,public,False,False,False,True,True,False,True,friends,False,False,rarely,True,True,True,False,False,low,False,False,40,MODERATE
synthetic-0484,friends,True,False,False,True,False,False,False,friends,False,False,often,True,True,True,True,False,high,True,True,27,MODERATE
synthetic-0485,friends,False,False,True,True,False,True,False,friends,False,False,often,True,False,True,False,False,high,False,False,50,HIGH
synthetic-0486,public,True,False,True,True,True,False,False,friends,False,True,sometimes,True,False,True,True,False,low,False,True,49,HIGH
synthetic-0487,private,False,False,False,False,False,False,False,private,False,False,often,True,True,False,True,False,high,True,False,23,MODERATE
synthetic-0488,public,False,False,False,False,False,False,False,friends,False,True,sometimes,False,False,True,False,False,high,False,True,42,HIGH
synthetic-0489,public,False,False,False,False,False,True,False,public,True,False,sometimes,False,True,True,True,False,medium,False,False,42,HIGH
synthetic-0490,friends,False,False,False,False,True,True,False,private,True,True,often,True,True,False,True,False,low,True,True,42,HIGH
synthetic-0491,public,False,False,True,False,False,False,False,public,True,True,sometimes,True,True,False,False,True,medium,True,True,47,HIGH
synthetic-0492,public,False,True,True,False,True,True,False,public,False,True,rarely,True,False,True,True,False,high,False,False,42,HIGH
synthetic-0493,friends,False,True,False,False,True,True,False,friends,True,False,often,True,False,False,False,False,high,True,True,52,HIGH
synthetic-0494,private,False,True,False,False,False,False,True,private,False,False,sometimes,False,True,True,True,False,medium,True,False,22,MODERATE
synthetic-0495,private,False,False,False,False,False,False,False,public,True,False,rarely,True,False,True,True,False,low,False,True,35,MODERATE
synthetic-0496,public,False,False,True,False,False,False,False,friends,False,True,rarely,True,True,True,True,False,medium,True,False,27,MODERATE
synthetic-0497,public,False,True,True,True,False,False,False,public,False,False,often,True,True,True,True,True,high,False,True,48,HIGH
synthetic-0498,friends,False,False,False,True,True,True,False,friends,True,False,often,True,False,False,True,False,medium,False,False,62,HIGH
synthetic-0499,public,False,False,False,True,True,False,False,friends,False,False,often,True,True,False,True,False,high,False,True,47,HIGH
synthetic-0500,public,False,False,False,False,False,True,False,friends,False,False,rarely,False,False,False,True,True,low,True,False,40,MODERATE
synthetic-0501,friends,False,False,False,False,False,True,False,friends,True,False,sometimes,True,True,True,True,False,low,True,True,24,MODERATE
synthetic-0502,public,True,False,False,False,False,False,True,friends,True,True,sometimes,True,False,True,True,True,medium,False,False,52,HIGH
synthetic-0503,private,False,False,False,True,True,False,False,friends,True,False,often,False,False,True,True,False,high,False,False,55,HIGH
synthetic-0504,private,False,False,True,True,True,False,True,public,True,True,rarely,True,False,True,False,True,high,True,False,48,HIGH
synthetic-0505,friends,False,False,True,True,True,True,True,private,False,True,often,False,True,False,True,False,medium,False,True,58,HIGH
synthetic-0506,friends,False,False,False,False,False,False,False,friends,False,False,rarely,False,False,True,True,False,low,False,True,34,MODERATE
synthetic-0507,public,False,False,False,True,True,False,False,friends,False,False,sometimes,True,True,True,False,False,low,True,False,34,MODERATE
synthetic-0508,public,False,False,False,False,False,False,False,friends,False,True,sometimes,True,False,True,False,False,high,False,True,36,MODERATE
synthetic-0509,public,False,False,True,True,False,False,False,public,True,False,sometimes,False,True,True,True,False,high,True,False,37,MODERATE
synthetic-0510,public,False,True,False,False,False,False,False,friends,False,False,rarely,True,True,False,False,True,high,True,True,32,MODERATE
synthetic-0511,friends,False,True,False,True,False,True,False,friends,True,False,rarely,True,False,True,True,False,high,False,True,34,MODERATE
synthetic-0512,private,False,False,False,False,True,True,False,private,False,True,often,True,False,False,False,True,low,True,True,50,HIGH
synthetic-0513,friends,False,True,False,False,True,False,False,friends,False,False,rarely,True,True,True,True,True,low,False,False,37,MODERATE
synthetic-0514,friends,False,False,False,True,True,True,False,friends,False,False,rarely,True,True,False,False,False,low,True,False,39,MODERATE
synthetic-0515,friends,False,False,False,False,True,False,True,private,True,False,often,False,True,True,False,False,medium,True,False,42,HIGH
synthetic-0516,public,False,False,False,False,False,True,False,friends,False,False,often,False,True,False,True,False,high,False,False,45,HIGH
synthetic-0517,friends,False,False,True,False,False,False,False,friends,False,True,sometimes,True,True,True,True,False,low,True,False,26,MODERATE
synthetic-0518,friends,False,True,True,True,False,False,False,private,False,False,sometimes,True,True,True,False,False,low,True,False,32,MODERATE
synthetic-0519,public,False,False,False,True,False,False,True,friends,False,False,often,False,True,False,False,False,low,True,True,55,HIGH
synthetic-0520,public,False,False,False,False,True,True,False,friends,False,True,often,True,True,False,True,False,medium,True,True,40,MODERATE
synthetic-0521,public,True,False,False,False,True,False,False,friends,False,True,rarely,False,False,True,True,True,low,False,True,47,HIGH
synthetic-0522,friends,False,False,False,False,True,False,True,friends,False,False,sometimes,True,True,False,True,False,low,False,True,34,MODERATE
synthetic-0523,public,False,False,True,True,False,False,True,friends,False,False,rarely,True,True,False,True,False,high,False,False,34,MODERATE
synthetic-0524,public,False,False,False,True,False,True,False,public,False,True,sometimes,False,False,False,True,False,low,False,False,59,HIGH
synthetic-0525,public,False,False,False,False,True,True,False,friends,False,False,often,True,True,True,False,False,medium,False,False,45,HIGH
synthetic-0526,friends,False,True,True,False,False,False,False,public,False,False,rarely,False,True,True,True,False,low,True,False,27,MODERATE
synthetic-0527,friends,False,False,False,True,False,False,False,public,True,False,often,True,True,False,True,False,high,False,False,47,HIGH
synthetic-0528,public,False,True,True,False,False,False,False,friends,False,False,sometimes,True,False,True,True,False,high,True,True,24,MODERATE
synthetic-0529,public,False,False,False,False,True,False,False,friends,False,False,often,True,True,True,False,False,high,True,False,32,MODERATE
synthetic-0530,public,False,False,False,False,False,True,False,private,False,False,sometimes,True,False,True,True,False,high,False,False,34,MODERATE
synthetic-0531,friends,False,False,False,False,False,False,False,friends,True,False,sometimes,False,True,True,True,True,high,True,True,26,MODERATE
synthetic-0532,friends,False,True,True,True,True,True,False,public,False,True,sometimes,False,True,False,False,False,high,False,False,59,HIGH
synthetic-0533,private,False,False,False,False,False,False,True,private,True,False,often,False,True,False,True,True,high,True,False,40,MODERATE
synthetic-0534,public,False,True,False,True,False,False,False,public,False,False,rarely,False,True,True,False,False,low,False,True,42,HIGH
synthetic-0535,friends,True,False,True,True,False,True,False,friends,False,True,sometimes,True,True,True,False,False,medium,True,False,39,MODERATE
synthetic-0536,public,False,True,True,True,False,False,False,public,False,False,rarely,False,False,True,False,False,high,True,True,37,MODERATE
synthetic-0537,public,False,False,True,False,True,False,True,friends,False,False,rarely,True,False,False,True,True,low,True,False,40,MODERATE
synthetic-0538,public,False,False,True,False,False,False,False,friends,True,False,sometimes,True,True,False,True,False,medium,True,False,32,MODERATE
synthetic-0539,friends,True,False,False,False,True,False,False,friends,False,True,sometimes,True,True,True,True,True,medium,False,False,39,MODERATE
synthetic-0540,friends,False,False,False,False,True,False,True,friends,False,False,often,True,False,False,True,False,low,True,True,44,HIGH
synthetic-0541,friends,False,False,True,False,False,True,True,friends,False,True,sometimes,True,True,True,True,True,medium,True,True,31,MODERATE
synthetic-0542,private,True,False,False,True,True,True,False,friends,False,True,sometimes,False,False,False,False,False,high,True,False,49,HIGH
synthetic-0543,friends,False,False,False,False,True,False,False,friends,True,False,often,False,True,True,False,False,medium,False,False,50,HIGH
synthetic-0544,public,False,False,False,False,True,False,False,public,True,False,sometimes,True,True,True,True,True,medium,False,True,44,HIGH
synthetic-0545,private,False,False,False,False,False,False,False,friends,False,False,sometimes,False,True,False,False,False,medium,False,False,42,HIGH
synthetic-0546,private,False,False,False,True,True,False,False,public,True,False,rarely,False,True,True,True,False,medium,False,True,40,MODERATE
synthetic-0547,friends,False,False,True,True,True,False,False,friends,True,True,often,True,True,False,True,False,high,True,True,44,HIGH
synthetic-0548,friends,False,False,False,False,False,False,False,private,True,False,often,True,False,False,False,False,low,True,False,45,HIGH
synthetic-0549,friends,False,False,False,False,False,False,True,friends,True,True,sometimes,False,True,False,False,False,low,False,False,59,HIGH
synthetic-0550,friends,False,False,False,False,False,True,False,friends,True,False,often,True,True,False,False,False,high,True,True,37,MODERATE
synthetic-0551,public,False,False,False,False,True,False,True,public,False,False,sometimes,True,False,True,True,False,medium,True,True,29,MODERATE
synthetic-0552,private,False,False,True,False,True,True,False,private,False,True,rarely,False,False,True,True,False,medium,False,False,38,MODERATE
synthetic-0553,public,False,False,True,True,False,False,True,private,True,False,rarely,False,False,True,True,True,medium,True,True,45,HIGH
synthetic-0554,public,False,False,False,False,False,False,False,private,False,False,often,True,True,False,False,False,low,False,True,43,HIGH
synthetic-0555,friends,False,False,True,False,False,False,False,private,False,False,often,True,False,False,False,False,low,False,False,50,HIGH
synthetic-0556,friends,True,False,False,True,False,False,False,private,True,False,often,True,True,False,True,False,high,False,False,45,HIGH
synthetic-0557,public,False,True,False,False,True,True,False,friends,False,False,sometimes,True,True,True,False,False,low,False,False,42,HIGH
synthetic-0558,public,False,False,False,False,True,False,False,friends,False,False,often,True,False,False,True,True,low,True,False,47,HIGH
synthetic-0559,public,False,True,False,True,False,False,True,private,True,False,sometimes,True,True,True,True,False,high,True,True,27,MODERATE
synthetic-0560,public,False,False,True,False,False,False,False,friends,False,False,often,False,False,True,True,True,low,True,False,47,HIGH
synthetic-0561,public,False,False,False,True,True,True,False,friends,True,False,sometimes,False,False,True,True,False,low,False,True,52,HIGH
synthetic-0562,public,False,False,False,False,False,False,False,public,False,False,rarely,False,False,True,True,False,medium,False,True,37,MODERATE
synthetic-0563,private,True,False,False,False,True,False,True,friends,False,False,often,False,True,True,True,False,high,False,False,40,MODERATE
synthetic-0564,private,False,True,True,False,False,True,False,private,True,False,often,True,True,True,True,False,high,False,True,40,MODERATE
synthetic-0565,public,False,False,False,False,False,False,False,friends,True,False,sometimes,True,True,True,True,True,medium,True,False,29,MODERATE
synthetic-0566,public,False,True,False,True,True,False,False,friends,False,True,sometimes,False,True,False,True,False,high,True,True,39,MODERATE
synthetic-0567,public,False,False,False,False,True,False,False,friends,True,False,often,False,False,True,False,True,low,False,False,65,HIGH
synthetic-0568,friends,False,False,True,False,False,False,False,public,True,False,sometimes,True,False,True,True,False,high,False,False,42,HIGH
synthetic-0569,public,False,False,True,False,False,True,False,friends,True,True,rarely,True,True,True,True,False,low,False,False,44,HIGH
synthetic-0570,private,False,False,True,False,False,True,True,friends,False,False,sometimes,False,True,True,False,False,low,True,True,32,MODERATE
synthetic-0571,public,True,False,False,False,True,False,False,public,True,False,often,False,False,False,False,False,medium,False,True,70,HIGH
synthetic-0572,public,False,False,True,False,False,True,False,public,False,False,often,False,True,False,True,False,high,False,False,50,HIGH
synthetic-0573,public,False,True,True,True,False,True,True,friends,False,False,rarely,False,False,False,False,False,medium,False,False,57,HIGH
synthetic-0574,private,False,True,False,False,False,False,False,private,False,False,sometimes,True,False,True,True,False,medium,False,False,32,MODERATE
synthetic-0575,friends,False,False,False,False,False,False,True,friends,True,False,often,True,False,False,False,False,high,True,True,42,HIGH
synthetic-0576,public,False,False,False,True,True,True,False,public,False,False,sometimes,True,False,False,True,False,medium,True,True,39,MODERATE
synthetic-0577,friends,True,False,False,True,False,True,False,friends,False,False,sometimes,True,True,True,True,False,low,True,False,34,MODERATE
synthetic-0578,public,False,False,False,False,False,False,False,friends,False,True,rarely,False,False,True,False,False,medium,True,False,34,MODERATE
synthetic-0579,public,True,False,True,False,True,False,False,public,False,False,sometimes,True,False,False,False,True,high,True,False,47,HIGH
synthetic-0580,friends,False,False,False,False,True,True,True,public,False,False,often,False,True,True,True,False,high,True,True,40,MODERATE
synthetic-0581,public,False,False,False,False,False,False,False,friends,True,False,sometimes,True,False,True,True,False,medium,False,False,42,HIGH
synthetic-0582,friends,False,True,False,False,False,True,False,public,True,True,rarely,False,True,False,False,False,low,False,True,52,HIGH
synthetic-0583,private,True,False,False,False,False,False,False,friends,False,True,rarely,True,False,True,True,False,medium,False,True,27,MODERATE
synthetic-0584,private,False,False,True,False,False,False,False,private,False,False,often,True,False,True,True,False,low,False,False,38,MODERATE
synthetic-0585,public,True,False,True,False,False,True,False,friends,True,False,sometimes,True,False,True,False,False,medium,False,False,49,HIGH
synthetic-0586,friends,False,True,False,False,False,False,False,public,True,False,rarely,True,False,True,True,False,high,False,False,32,MODERATE
synthetic-0587,public,False,False,False,True,True,False,False,private,False,False,sometimes,False,True,True,False,False,medium,False,False,42,HIGH
synthetic-0588,public,True,False,True,False,True,False,False,friends,False,False,often,False,True,True,False,False,medium,True,False,45,HIGH
synthetic-0589,friends,False,True,True,False,False,False,False,friends,False,False,often,False,True,True,False,False,high,False,False,44,HIGH
synthetic-0590,friends,True,False,True,False,False,True,False,private,False,False,sometimes,True,True,False,True,False,medium,True,False,27,MODERATE
synthetic-0591,friends,True,True,False,False,False,False,False,friends,False,False,sometimes,False,True,True,False,False,medium,True,False,31,MODERATE
synthetic-0592,public,False,False,False,False,False,False,True,private,True,False,rarely,False,False,True,False,False,low,False,False,45,HIGH
synthetic-0593,friends,False,False,False,False,True,False,False,friends,False,False,often,True,True,False,True,False,medium,False,False,44,HIGH
synthetic-0594,friends,False,False,True,False,True,False,False,public,True,False,often,True,False,False,False,False,high,False,False,57,HIGH
synthetic-0595,public,False,True,False,True,False,False,False,friends,False,True,sometimes,True,False,True,True,False,medium,False,False,44,HIGH
synthetic-0596,public,False,False,False,False,False,False,False,public,True,True,rarely,False,False,False,True,False,medium,True,False,42,HIGH
synthetic-0597,public,False,False,False,True,False,False,True,private,False,False,sometimes,True,True,False,True,True,medium,False,True,40,MODERATE
synthetic-0598,public,False,False,False,False,False,False,False,public,False,False,sometimes,False,False,False,False,False,medium,True,False,47,HIGH
synthetic-0599,public,False,False,False,False,False,False,True,friends,False,False,rarely,True,True,False,True,False,low,False,False,37,MODERATE
synthetic-0600,friends,False,False,False,False,True,False,True,public,False,False,sometimes,True,False,True,True,True,medium,False,False,46,HIGH
synthetic-0601,friends,False,False,False,True,False,False,False,friends,False,False,rarely,False,True,True,False,False,high,False,True,29,MODERATE
synthetic-0602,friends,True,True,False,True,True,False,False,friends,False,False,often,False,True,True,True,True,low,False,False,57,HIGH
synthetic-0603,friends,False,True,True,True,False,True,True,friends,True,True,sometimes,False,False,True,False,False,high,False,True,59,HIGH
synthetic-0604,friends,True,False,True,False,True,False,False,friends,False,True,often,True,False,True,True,False,low,False,False,57,HIGH
synthetic-0605,friends,False,True,True,False,True,True,False,private,False,False,sometimes,False,True,False,True,False,high,False,False,39,MODERATE
synthetic-0606,private,False,False,False,False,True,False,False,private,False,True,sometimes,True,True,True,False,True,low,False,False,40,MODERATE
synthetic-0607,public,False,False,False,False,True,False,True,friends,False,False,often,True,False,True,True,False,medium,True,False,37,MODERATE
synthetic-0608,friends,False,False,False,False,True,False,False,friends,False,False,rarely,True,True,True,True,True,medium,True,False,19,LOW
synthetic-0609,public,False,False,True,False,False,False,True,friends,False,False,rarely,True,False,True,True,False,high,False,True,27,MODERATE
synthetic-0610,friends,False,False,False,False,False,False,False,private,False,True,often,False,False,True,False,False,low,False,False,58,HIGH
synthetic-0611,public,False,False,False,False,True,False,False,private,False,False,rarely,False,True,False,True,False,high,False,True,28,MODERATE
synthetic-0612,private,False,False,True,False,False,False,False,friends,True,False,often,False,True,False,True,False,medium,True,False,45,HIGH
synthetic-0613,public,True,False,True,False,True,False,False,friends,False,False,often,False,True,False,False,False,high,False,False,60,HIGH
synthetic-0614,public,False,True,False,False,True,True,True,private,True,True,rarely,False,True,True,False,False,medium,False,True,48,HIGH
synthetic-0615,private,False,False,False,True,False,True,True,public,True,True,sometimes,True,True,True,True,True,low,True,False,44,HIGH
synthetic-0616,public,False,False,False,False,False,True,False,friends,True,False,rarely,True,False,True,True,False,high,True,False,24,MODERATE
synthetic-0617,private,True,False,False,False,True,False,False,friends,False,False,often,False,True,False,True,False,low,False,False,52,HIGH
synthetic-0618,friends,True,False,True,False,False,False,False,friends,False,False,sometimes,True,False,True,False,False,high,False,False,36,MODERATE
synthetic-0619,friends,False,False,True,False,False,False,False,private,False,False,often,False,True,False,True,False,low,False,False,45,HIGH
synthetic-0620,friends,False,False,False,False,False,False,False,friends,False,False,often,False,False,True,True,True,high,True,True,40,MODERATE
synthetic-0621,private,False,False,True,False,True,False,False,friends,False,True,sometimes,True,False,False,True,False,low,False,False,44,HIGH
synthetic-0622,friends,False,False,True,True,False,False,True,friends,True,False,sometimes,True,True,True,False,True,medium,False,True,46,HIGH
synthetic-0623,private,False,False,False,False,True,True,False,private,False,True,rarely,True,False,True,False,True,medium,False,False,40,MODERATE
synthetic-0624,public,True,False,True,False,False,False,False,private,False,True,often,False,True,False,True,False,low,False,True,53,HIGH
synthetic-0625,friends,False,False,True,False,False,False,True,public,False,False,sometimes,True,True,False,True,False,high,False,False,34,MODERATE
synthetic-0626,friends,False,False,True,False,True,False,True,friends,False,False,often,True,True,True,True,False,high,False,True,40,MODERATE
synthetic-0627,public,False,True,False,False,False,False,False,friends,True,True,rarely,True,False,False,True,False,high,True,False,34,MODERATE
synthetic-0628,public,False,False,False,True,False,False,True,public,True,False,often,True,True,True,False,False,low,False,True,60,HIGH
synthetic-0629,public,False,False,True,False,False,True,False,friends,False,True,sometimes,False,False,True,False,True,medium,True,True,52,HIGH
synthetic-0630,public,True,False,False,False,False,False,False,friends,False,False,sometimes,False,False,False,True,False,medium,False,False,44,HIGH
synthetic-0631,friends,False,False,True,False,True,True,False,friends,False,False,sometimes,True,False,True,True,False,medium,False,False,36,MODERATE
synthetic-0632,friends,True,False,False,False,False,True,False,friends,True,True,sometimes,True,True,True,True,False,low,True,True,31,MODERATE
synthetic-0633,friends,False,False,False,False,True,False,False,friends,False,True,rarely,False,False,True,True,False,high,True,True,24,MODERATE
synthetic-0634,friends,False,False,True,False,True,False,False,friends,True,False,often,True,True,True,False,False,medium,False,False,47,HIGH
synthetic-0635,friends,True,False,False,False,True,False,True,friends,False,False,sometimes,False,True,False,True,False,medium,True,False,39,MODERATE
synthetic-0636,friends,False,False,False,False,True,True,False,private,True,True,rarely,True,True,False,True,True,medium,False,True,40,MODERATE
synthetic-0637,private,False,False,False,False,True,False,False,public,False,True,sometimes,True,False,True,True,False,high,True,False,27,MODERATE
synthetic-0638,friends,False,False,False,True,False,True,False,friends,False,True,rarely,True,True,True,False,False,medium,False,True,34,MODERATE
synthetic-0639,public,False,False,False,False,False,True,False,friends,False,False,rarely,True,False,True,True,False,high,True,True,17,LOW
synthetic-0640,friends,False,True,True,True,True,True,False,public,False,False,rarely,False,False,True,True,True,medium,True,True,42,HIGH
synthetic-0641,friends,False,False,True,False,False,False,True,public,True,False,rarely,False,True,False,True,False,low,True,True,34,MODERATE
synthetic-0642,public,False,False,True,False,False,False,False,public,True,True,rarely,False,True,True,True,False,high,False,True,42,HIGH
synthetic-0643,public,False,False,False,False,False,False,True,private,True,False,often,False,False,True,True,False,low,False,False,53,HIGH
synthetic-0644,friends,False,False,False,True,False,True,True,friends,True,False,sometimes,False,True,True,False,False,high,False,False,51,HIGH
synthetic-0645,friends,False,True,True,True,True,True,True,friends,True,True,sometimes,True,False,True,True,False,high,False,False,54,HIGH
synthetic-0646,friends,False,True,True,True,False,False,False,public,False,True,rarely,False,False,True,False,False,high,True,False,42,HIGH
synthetic-0647,friends,False,True,False,True,False,True,False,private,False,True,sometimes,False,True,False,True,False,high,False,False,44,HIGH
synthetic-0648,friends,False,False,False,True,False,False,False,friends,True,False,sometimes,True,False,False,False,False,medium,True,False,46,HIGH
synthetic-0649,friends,False,False,False,True,False,True,True,friends,False,False,sometimes,False,True,False,False,False,medium,True,False,46,HIGH
synthetic-0650,friends,False,False,False,False,True,True,False,private,False,False,rarely,True,False,False,False,False,high,False,False,35,MODERATE
synthetic-0651,friends,False,False,False,True,False,False,False,private,False,False,sometimes,True,False,False,True,False,low,False,True,37,MODERATE
synthetic-0652,friends,True,False,False,False,False,True,True,friends,False,False,often,True,False,False,True,False,medium,False,False,50,HIGH
synthetic-0653,public,True,True,True,False,True,True,False,friends,False,False,sometimes,True,False,True,True,False,low,False,False,52,HIGH
synthetic-0654,friends,True,False,True,False,False,False,False,public,True,False,rarely,False,False,False,False,False,medium,False,True,50,HIGH
synthetic-0655,public,False,False,True,False,True,False,False,public,False,False,rarely,False,True,True,True,False,low,False,False,42,HIGH
synthetic-0656,friends,False,False,False,False,True,False,False,friends,False,False,sometimes,False,True,True,True,False,high,True,False,21,MODERATE
synthetic-0657,public,False,False,True,True,True,False,False,friends,True,False,rarely,False,True,True,True,True,low,False,False,50,HIGH
synthetic-0658,friends,False,False,False,True,False,True,False,friends,False,True,sometimes,False,False,True,True,False,high,True,True,39,MODERATE
synthetic-0659,friends,False,False,True,True,False,True,False,friends,False,True,often,True,False,True,True,False,high,True,False,42,HIGH
synthetic-0660,friends,True,False,False,False,True,False,False,public,True,False,rarely,False,False,True,False,True,high,False,True,47,HIGH
synthetic-0661,friends,False,False,False,False,True,True,True,private,False,False,sometimes,True,False,False,True,False,high,False,True,34,MODERATE
synthetic-0662,friends,False,False,True,False,True,False,False,friends,True,True,often,False,False,False,True,False,medium,False,False,62,HIGH
synthetic-0663,private,False,False,False,False,True,False,False,friends,False,False,rarely,False,False,True,True,False,medium,False,False,30,MODERATE
synthetic-0664,public,False,False,True,False,True,True,True,friends,False,True,sometimes,True,True,True,True,False,low,False,True,42,HIGH
synthetic-0665,friends,False,False,True,False,False,True,False,public,False,False,often,False,False,True,False,True,medium,True,False,52,HIGH
synthetic-0666,public,True,False,True,False,False,False,True,friends,True,False,sometimes,True,False,True,True,False,high,True,False,34,MODERATE
synthetic-0667,friends,False,False,True,True,False,False,True,friends,True,True,rarely,True,False,False,False,False,low,False,True,59,HIGH
synthetic-0668,public,False,True,False,False,True,False,False,friends,True,False,sometimes,False,True,False,True,False,high,False,True,46,HIGH
synthetic-0669,friends,False,True,False,True,False,True,True,private,True,True,often,False,True,False,False,False,high,True,True,60,HIGH
synthetic-0670,friends,False,False,False,False,True,False,False,friends,False,False,sometimes,True,True,True,True,False,high,False,False,24,MODERATE
synthetic-0671,friends,False,False,False,True,True,True,False,friends,False,True,rarely,True,False,True,False,False,medium,True,True,34,MODERATE
synthetic-0672,friends,False,False,True,False,True,True,True,friends,False,False,rarely,False,False,False,True,False,high,False,True,39,MODERATE
synthetic-0673,friends,False,False,True,True,False,False,True,friends,False,True,often,True,True,True,False,True,low,True,False,57,HIGH
synthetic-0674,private,False,True,False,True,True,False,True,private,True,False,sometimes,False,True,False,True,False,high,False,False,50,HIGH
synthetic-0675,public,True,True,True,True,False,False,False,friends,True,True,often,False,False,True,True,False,medium,True,True,62,HIGH
synthetic-0676,friends,False,False,False,False,False,False,False,friends,False,False,sometimes,False,True,True,True,False,high,True,False,19,LOW
synthetic-0677,friends,False,False,True,False,True,True,False,public,False,True,rarely,False,False,False,True,False,high,False,False,47,HIGH
synthetic-0678,public,False,True,True,False,True,True,False,friends,True,False,sometimes,True,True,False,True,False,medium,False,False,46,HIGH
synthetic-0679,public,True,False,True,False,True,True,False,private,False,True,rarely,True,True,True,True,True,medium,True,True,30,MODERATE
synthetic-0680,friends,False,False,False,False,False,False,False,friends,False,False,often,False,True,False,True,False,medium,True,False,34,MODERATE
synthetic-0681,public,False,True,True,True,True,True,False,friends,False,False,rarely,True,False,True,True,True,medium,False,False,52,HIGH
synthetic-0682,public,False,True,False,False,True,False,False,private,False,False,rarely,True,False,False,True,False,low,True,False,35,MODERATE
synthetic-0683,friends,False,False,True,True,False,True,False,friends,False,False,sometimes,True,False,False,True,True,low,True,False,49,HIGH
synthetic-0684,private,False,False,False,False,True,False,False,public,True,False,rarely,True,True,False,True,True,high,True,False,28,MODERATE
synthetic-0685,public,False,False,False,False,True,False,True,friends,True,False,sometimes,True,True,True,True,False,low,True,False,32,MODERATE
synthetic-0686,friends,False,False,False,True,True,True,False,public,False,False,rarely,True,False,True,False,False,high,False,True,37,MODERATE
synthetic-0687,public,False,False,False,False,True,True,False,public,True,False,often,True,False,True,False,False,high,False,True,52,HIGH
synthetic-0688,public,True,False,False,False,True,False,False,friends,False,False,sometimes,False,True,True,False,False,high,False,True,36,MODERATE
synthetic-0689,public,True,False,False,False,False,False,True,friends,False,False,rarely,False,True,False,False,False,medium,True,True,37,MODERATE
synthetic-0690,public,False,True,False,False,True,False,False,public,True,False,rarely,True,True,False,True,False,high,False,True,35,MODERATE
synthetic-0691,public,False,True,True,False,False,True,True,public,True,True,often,False,False,False,True,False,medium,False,False,72,CRITICAL
synthetic-0692,public,False,False,True,False,False,False,False,public,True,False,rarely,False,True,False,True,False,medium,True,True,32,MODERATE
synthetic-0693,friends,False,False,False,False,False,True,False,friends,False,False,sometimes,False,False,False,False,False,medium,True,False,39,MODERATE
synthetic-0694,public,False,False,False,False,True,False,False,private,False,False,rarely,False,False,True,True,False,low,True,False,28,MODERATE
synthetic-0695,public,False,False,True,False,True,False,True,public,False,False,often,True,False,False,True,False,medium,True,False,52,HIGH
synthetic-0696,public,False,False,False,False,True,False,False,public,False,True,often,True,False,False,True,False,medium,True,False,52,HIGH
synthetic-0697,friends,False,False,False,False,True,True,False,friends,False,True,often,False,False,False,False,True,high,True,True,54,HIGH
synthetic-0698,friends,False,False,True,False,False,False,False,friends,False,False,often,True,False,False,False,False,low,True,False,44,HIGH
synthetic-0699,private,False,False,True,True,False,True,False,friends,False,False,rarely,True,False,True,True,False,high,False,False,30,MODERATE
synthetic-0700,friends,False,False,False,False,False,True,False,public,True,False,sometimes,True,False,True,True,True,high,False,False,46,HIGH
synthetic-0701,private,False,False,True,False,False,False,True,public,True,True,often,False,False,True,False,False,high,False,False,60,HIGH
synthetic-0702,public,False,True,True,False,False,False,False,public,True,False,rarely,False,False,False,False,False,medium,False,True,52,HIGH
synthetic-0703,private,False,True,True,False,False,True,False,friends,False,False,rarely,True,True,False,False,False,medium,True,False,27,MODERATE
synthetic-0704,friends,True,True,False,True,False,False,False,private,False,True,rarely,False,False,False,False,False,high,True,True,40,MODERATE
synthetic-0705,friends,False,False,False,False,True,True,False,public,True,False,rarely,False,True,True,True,False,low,True,True,30,MODERATE
synthetic-0706,friends,True,True,False,False,False,False,True,public,True,False,rarely,True,True,True,False,False,medium,True,True,30,MODERATE
synthetic-0707,friends,False,False,False,False,False,True,False,friends,True,False,rarely,False,False,True,False,False,medium,True,False,34,MODERATE
synthetic-0708,public,False,False,False,False,True,True,False,private,True,False,rarely,True,True,True,True,False,medium,False,False,35,MODERATE
synthetic-0709,public,True,False,False,False,False,False,False,friends,True,True,sometimes,True,False,True,False,True,low,True,True,46,HIGH
synthetic-0710,private,False,False,False,False,False,False,False,public,False,False,rarely,True,False,True,False,False,low,True,False,25,MODERATE
synthetic-0711,public,False,False,True,True,True,False,False,friends,False,True,sometimes,False,False,True,False,False,high,False,False,54,HIGH
synthetic-0712,friends,True,False,True,False,True,False,False,friends,True,False,rarely,True,True,False,True,False,medium,True,False,29,MODERATE
synthetic-0713,public,False,True,True,True,True,False,False,public,False,False,often,True,False,True,False,False,high,False,False,58,HIGH
synthetic-0714,private,True,False,True,False,True,False,False,friends,False,False,often,True,True,False,True,False,high,False,True,38,MODERATE
synthetic-0715,public,False,False,True,False,False,True,False,public,False,False,sometimes,False,True,False,False,False,medium,True,True,39,MODERATE
synthetic-0716,friends,True,False,True,True,True,True,False,friends,True,False,rarely,False,True,False,True,True,low,False,False,57,HIGH
synthetic-0717,public,False,False,False,False,False,True,False,private,True,False,often,True,True,False,True,False,low,True,False,40,MODERATE
synthetic-0718,private,False,True,False,False,False,False,True,public,False,False,often,False,True,True,False,False,high,True,False,38,MODERATE
synthetic-0719,public,False,True,True,False,False,True,False,friends,True,False,rarely,True,True,True,False,False,medium,False,False,44,HIGH
synthetic-0720,private,True,True,False,True,False,True,False,friends,False,False,rarely,True,False,True,False,False,low,False,True,45,HIGH
synthetic-0721,friends,True,False,True,True,False,False,False,private,True,True,often,False,False,True,True,True,high,True,False,60,HIGH
synthetic-0722,public,False,True,False,True,False,True,False,friends,True,False,sometimes,True,False,True,True,False,high,True,True,39,MODERATE
synthetic-0723,public,False,False,False,False,True,True,False,public,False,True,often,True,False,True,True,False,high,False,False,50,HIGH
synthetic-0724,private,True,True,False,False,False,True,False,private,False,False,rarely,True,False,True,False,False,medium,False,False,33,MODERATE
synthetic-0725,friends,False,True,True,True,True,False,False,friends,True,True,rarely,False,False,True,True,False,medium,False,True,49,HIGH
synthetic-0726,friends,True,False,True,False,True,False,False,friends,False,True,sometimes,False,False,True,True,False,low,True,False,41,HIGH
synthetic-0727,public,False,False,False,False,False,False,False,public,False,False,often,False,False,True,True,False,high,False,True,42,HIGH
synthetic-0728,friends,False,False,True,False,False,False,False,public,True,True,sometimes,True,True,True,False,False,low,True,True,36,MODERATE
synthetic-0729,public,False,False,False,False,False,True,False,public,False,True,often,True,False,False,True,False,high,False,False,52,HIGH
synthetic-0730,private,False,False,False,False,False,False,False,friends,False,False,often,False,True,True,False,False,medium,False,True,38,MODERATE
synthetic-0731,public,False,False,False,False,True,True,False,friends,True,False,sometimes,False,False,False,True,False,medium,True,True,42,HIGH
synthetic-0732,public,False,False,True,False,True,False,False,public,False,False,sometimes,True,False,True,True,False,high,True,False,34,MODERATE
synthetic-0733,public,False,False,False,False,False,False,False,friends,False,False,sometimes,True,False,True,False,False,low,False,True,42,HIGH
synthetic-0734,public,True,True,False,False,True,False,False,friends,True,False,often,True,False,True,False,False,high,False,True,57,HIGH
synthetic-0735,public,False,False,True,False,False,False,False,public,True,True,rarely,False,True,False,True,False,low,True,False,42,HIGH
synthetic-0736,friends,False,False,False,False,True,True,True,public,False,False,often,True,True,False,True,True,low,True,False,47,HIGH
synthetic-0737,friends,False,True,False,False,False,True,False,friends,False,False,rarely,True,False,False,False,False,low,False,False,42,HIGH
synthetic-0738,friends,False,True,False,True,False,False,False,friends,False,True,rarely,True,True,True,True,False,high,False,False,29,MODERATE
synthetic-0739,public,False,False,False,False,False,False,True,friends,False,True,rarely,True,True,True,False,True,high,False,True,34,MODERATE
synthetic-0740,public,False,False,True,False,False,False,False,friends,False,False,rarely,False,False,False,False,True,medium,False,True,47,HIGH
synthetic-0741,public,False,False,False,True,False,True,False,friends,False,True,rarely,True,True,True,True,True,high,False,False,37,MODERATE
synthetic-0742,public,False,False,True,False,False,True,False,friends,False,False,often,True,False,True,True,False,high,False,False,42,HIGH
synthetic-0743,public,False,False,False,False,True,False,True,friends,False,False,often,True,False,False,True,True,high,True,True,47,HIGH
synthetic-0744,friends,False,False,False,False,False,False,False,friends,False,False,sometimes,False,False,True,True,False,medium,True,False,31,MODERATE
synthetic-0745,friends,False,False,True,False,False,False,False,public,False,False,often,False,True,False,True,False,high,False,False,50,HIGH
synthetic-0746,private,True,False,False,True,False,True,False,public,True,True,sometimes,True,False,True,False,False,medium,False,True,52,HIGH
synthetic-0747,public,True,True,False,True,True,False,True,friends,False,False,often,True,False,False,True,False,medium,True,False,52,HIGH
synthetic-0748,public,False,False,True,True,True,False,False,public,True,False,often,True,True,True,True,False,high,False,False,55,HIGH
synthetic-0749,friends,False,True,False,False,False,False,False,friends,False,True,often,True,False,True,True,False,medium,False,False,44,HIGH
synthetic-0750,friends,False,False,True,True,False,False,False,friends,False,False,rarely,False,False,True,False,False,low,False,False,44,HIGH
synthetic-0751,private,True,False,False,False,False,False,False,public,True,False,sometimes,True,True,False,True,False,medium,False,True,34,MODERATE
synthetic-0752,friends,False,False,False,True,True,False,False,private,False,False,often,True,False,True,True,False,low,False,False,45,HIGH
synthetic-0753,friends,False,False,False,False,False,True,False,friends,False,False,rarely,False,True,False,True,False,low,False,False,39,MODERATE
synthetic-0754,public,False,False,False,False,False,True,False,public,False,False,often,False,True,True,True,True,medium,False,False,50,HIGH
synthetic-0755,friends,False,False,False,True,False,False,False,private,False,False,sometimes,True,True,False,False,False,low,False,False,44,HIGH
synthetic-0756,public,False,True,False,False,False,False,True,friends,False,True,often,False,False,False,False,False,medium,True,False,62,HIGH
synthetic-0757,friends,True,False,False,False,True,True,False,friends,False,False,rarely,True,True,False,True,False,high,False,True,32,MODERATE
synthetic-0758,friends,False,False,False,True,False,False,False,friends,False,True,often,False,False,True,False,False,medium,True,False,54,HIGH
synthetic-0759,friends,False,True,False,False,False,False,True,private,False,False,often,True,True,True,False,False,medium,False,False,45,HIGH
synthetic-0760,friends,False,False,False,True,True,False,True,public,False,False,rarely,True,False,False,True,False,high,False,False,40,MODERATE
synthetic-0761,friends,False,True,True,False,False,True,False,public,True,False,sometimes,False,True,True,False,True,high,True,False,49,HIGH
synthetic-0762,private,False,False,False,False,True,False,False,public,True,False,sometimes,True,True,False,False,False,low,True,False,37,MODERATE
synthetic-0763,public,True,False,False,False,True,True,True,friends,False,False,sometimes,True,False,False,True,False,medium,False,True,49,HIGH
synthetic-0764,private,False,False,False,True,False,False,False,public,False,False,rarely,False,True,True,True,False,high,False,False,28,MODERATE
synthetic-0765,friends,False,False,True,False,True,True,False,friends,True,False,often,False,False,False,True,False,medium,True,True,54,HIGH
synthetic-0766,public,False,False,True,True,True,False,False,public,False,False,rarely,True,True,False,False,False,medium,False,False,50,HIGH
synthetic-0767,friends,False,True,False,False,False,False,False,public,False,True,often,False,True,True,False,False,high,False,True,47,HIGH
synthetic-0768,friends,False,False,True,False,False,False,False,private,False,True,rarely,True,True,True,True,False,high,False,True,20,LOW
synthetic-0769,public,False,False,False,True,True,True,False,friends,True,True,often,True,False,False,True,True,low,True,True,62,HIGH
synthetic-0770,public,False,False,True,False,True,False,False,private,True,False,rarely,False,False,False,True,False,low,False,False,48,HIGH
synthetic-0771,public,True,False,True,False,True,True,False,friends,True,False,sometimes,False,False,True,True,True,high,True,False,52,HIGH
synthetic-0772,public,False,False,False,True,True,True,True,public,False,False,rarely,False,False,True,False,False,medium,False,False,52,HIGH
synthetic-0773,friends,False,True,True,False,False,False,False,public,False,True,rarely,False,True,True,True,True,high,True,True,30,MODERATE
synthetic-0774,friends,False,False,False,True,True,True,True,private,False,False,rarely,False,True,True,True,False,high,False,False,37,MODERATE
synthetic-0775,private,False,False,False,False,False,False,False,friends,True,True,sometimes,True,True,True,True,True,medium,True,True,27,MODERATE
synthetic-0776,friends,False,False,False,True,True,False,False,public,False,False,sometimes,False,True,True,True,True,low,True,False,44,HIGH
synthetic-0777,public,False,True,False,True,False,True,True,public,True,True,often,True,False,False,False,False,low,True,True,68,HIGH
synthetic-0778,friends,False,True,False,True,False,True,True,friends,False,False,rarely,False,False,True,True,False,high,True,True,34,MODERATE
synthetic-0779,friends,True,False,False,False,False,True,False,public,True,True,often,False,False,False,True,False,high,False,True,65,HIGH
synthetic-0780,public,True,False,True,False,False,True,False,friends,False,False,rarely,False,False,True,False,False,high,False,False,42,HIGH
synthetic-0781,friends,False,True,True,False,False,False,False,friends,False,True,often,True,True,False,True,False,medium,False,False,52,HIGH
synthetic-0782,friends,False,True,False,True,False,False,False,public,False,True,often,True,False,True,False,False,medium,True,False,55,HIGH
synthetic-0783,friends,False,False,True,True,True,False,False,friends,False,False,rarely,True,True,False,True,False,low,False,False,37,MODERATE
synthetic-0784,friends,False,False,True,False,True,False,True,friends,False,False,rarely,True,True,False,False,False,high,True,False,32,MODERATE
synthetic-0785,friends,False,False,False,False,False,False,True,public,True,False,sometimes,False,True,True,True,False,high,True,False,34,MODERATE
synthetic-0786,public,False,False,False,False,True,False,True,private,True,True,sometimes,True,True,True,True,False,medium,False,False,40,MODERATE
synthetic-0787,public,False,False,False,False,True,False,False,friends,False,False,sometimes,True,True,True,True,False,high,False,False,26,MODERATE
synthetic-0788,public,False,False,True,False,False,False,True,private,False,False,often,False,True,False,True,False,low,True,False,43,HIGH
synthetic-0789,friends,False,True,True,False,True,False,True,private,False,False,rarely,True,False,False,False,False,low,False,False,45,HIGH
synthetic-0790,public,False,True,False,False,False,True,False,public,False,True,sometimes,True,True,True,True,False,high,False,False,37,MODERATE
synthetic-0791,public,False,False,False,True,False,False,True,friends,False,True,sometimes,False,False,True,True,False,medium,False,False,49,HIGH
synthetic-0792,public,True,False,True,False,False,True,False,public,False,False,often,True,False,False,True,False,low,False,True,60,HIGH
synthetic-0793,public,False,False,False,False,False,False,False,private,False,False,sometimes,False,True,True,False,False,medium,False,False,34,MODERATE
synthetic-0794,public,False,False,False,True,True,False,False,private,False,False,often,False,True,True,True,False,low,False,False,48,HIGH
synthetic-0795,friends,False,True,False,False,False,False,False,friends,False,False,sometimes,False,True,True,True,False,medium,False,True,29,MODERATE
synthetic-0796,friends,False,False,True,False,False,False,False,public,True,False,sometimes,True,False,True,False,False,low,True,True,36,MODERATE
synthetic-0797,public,False,False,True,False,False,False,False,friends,True,False,often,True,True,True,True,False,medium,False,True,40,MODERATE
synthetic-0798,friends,True,False,False,False,True,False,False,public,True,True,sometimes,True,True,True,False,False,medium,False,True,44,HIGH
synthetic-0799,public,True,False,True,False,False,True,False,friends,False,False,often,False,False,False,True,False,low,True,True,55,HIGH
synthetic-0800,public,False,False,False,False,False,False,False,public,False,False,sometimes,True,True,True,True,False,high,False,True,24,MODERATE
synthetic-0801,friends,False,False,False,False,True,False,False,friends,False,False,rarely,False,False,False,False,True,medium,False,True,44,HIGH
synthetic-0802,public,False,True,True,False,True,False,False,friends,True,False,rarely,True,False,True,False,False,low,False,True,44,HIGH
synthetic-0803,friends,False,False,False,False,False,True,True,friends,True,False,often,True,False,True,True,False,medium,False,True,44,HIGH
synthetic-0804,public,False,True,False,False,False,False,False,friends,True,False,rarely,True,True,True,True,False,medium,True,True,20,LOW
synthetic-0805,friends,False,False,True,True,False,False,False,friends,True,False,rarely,False,True,True,True,False,high,True,False,27,MODERATE
synthetic-0806,public,False,False,False,False,False,True,False,friends,True,False,rarely,True,True,False,True,True,medium,False,False,40,MODERATE
synthetic-0807,public,True,False,True,False,True,True,False,friends,False,True,often,True,True,True,False,False,medium,False,False,55,HIGH
synthetic-0808,friends,False,True,True,False,True,True,False,friends,False,False,rarely,False,False,False,True,True,low,True,False,44,HIGH
synthetic-0809,friends,False,True,False,True,False,False,False,friends,False,True,sometimes,True,False,True,True,False,medium,True,False,34,MODERATE
synthetic-0810,private,False,False,False,True,True,False,False,public,False,True,rarely,True,False,True,False,True,high,True,True,35,MODERATE
synthetic-0811,friends,False,False,False,False,True,False,False,friends,True,False,rarely,True,False,False,False,False,high,False,True,37,MODERATE
synthetic-0812,friends,False,False,False,False,False,False,True,friends,False,False,often,True,True,False,False,False,high,True,False,34,MODERATE
synthetic-0813,friends,False,False,True,False,False,True,False,friends,False,False,sometimes,True,False,True,True,True,high,True,False,29,MODERATE
synthetic-0814,friends,False,True,True,True,False,False,False,public,True,True,sometimes,True,True,True,True,False,high,True,True,34,MODERATE
synthetic-0815,friends,True,False,False,False,False,False,False,friends,False,False,often,True,False,False,False,False,high,False,True,50,HIGH
synthetic-0816,friends,False,False,False,False,False,False,False,private,False,False,rarely,False,True,False,True,False,medium,True,False,20,LOW
synthetic-0817,friends,False,False,False,False,False,False,True,public,True,True,rarely,False,False,True,True,False,high,True,True,37,MODERATE
synthetic-0818,friends,False,True,False,True,True,False,False,friends,False,False,often,True,True,False,True,False,high,True,False,42,HIGH
synthetic-0819,friends,False,False,False,False,False,False,False,friends,False,True,often,False,True,True,True,False,low,True,False,42,HIGH
synthetic-0820,private,True,False,True,False,False,False,False,friends,False,True,sometimes,True,False,True,False,False,high,True,False,32,MODERATE
synthetic-0821,public,False,False,False,False,False,False,False,friends,True,True,rarely,True,True,False,True,False,high,True,False,27,MODERATE
synthetic-0822,private,True,False,False,True,True,False,False,public,True,False,rarely,True,False,True,True,False,low,False,False,48,HIGH
synthetic-0823,friends,False,False,False,True,False,False,False,public,False,False,rarely,False,False,True,False,False,medium,False,True,44,HIGH
synthetic-0824,public,False,False,False,False,True,False,True,friends,False,True,rarely,False,True,False,False,False,high,True,True,34,MODERATE
synthetic-0825,public,False,False,False,False,False,True,False,private,False,True,sometimes,True,False,False,True,False,low,True,True,34,MODERATE
synthetic-0826,friends,True,True,False,False,True,True,True,friends,False,False,rarely,False,True,False,False,True,medium,False,True,49,HIGH
synthetic-0827,private,False,False,False,True,False,False,True,public,False,True,sometimes,True,True,True,False,False,low,True,False,37,MODERATE
synthetic-0828,private,False,True,True,False,False,True,True,friends,False,False,rarely,False,True,True,True,False,low,True,False,27,MODERATE
synthetic-0829,friends,False,False,False,False,False,True,False,public,True,False,rarely,False,False,True,True,False,high,False,False,42,HIGH
synthetic-0830,private,True,True,True,False,False,True,False,public,False,True,rarely,True,True,True,False,False,low,True,False,35,MODERATE
synthetic-0831,public,True,False,False,False,True,True,False,friends,True,False,sometimes,True,False,True,False,False,low,True,False,44,HIGH
synthetic-0832,friends,False,False,False,True,False,False,False,friends,True,False,rarely,False,True,True,True,False,low,False,True,34,MODERATE
synthetic-0833,public,False,False,False,False,False,False,True,friends,False,True,rarely,True,False,False,True,False,medium,True,False,32,MODERATE
synthetic-0834,private,False,False,False,False,True,True,False,private,False,False,sometimes,True,True,True,True,False,medium,False,False,25,MODERATE
synthetic-0835,friends,True,False,True,False,False,True,True,friends,False,False,sometimes,True,True,False,False,False,low,True,True,36,MODERATE
synthetic-0836,private,False,False,False,False,True,False,False,private,False,False,rarely,False,True,True,False,False,high,True,False,18,LOW
synthetic-0837,public,False,False,False,True,False,False,False,private,False,False,often,True,True,False,False,False,high,True,False,38,MODERATE
synthetic-0838,private,False,False,False,False,False,True,False,private,True,False,often,False,False,False,True,False,medium,False,False,50,HIGH
synthetic-0839,friends,False,True,True,False,False,False,False,public,False,True,rarely,False,True,True,True,False,high,True,False,32,MODERATE
synthetic-0840,friends,False,False,False,False,False,True,False,friends,False,False,sometimes,True,False,False,False,False,high,True,True,34,MODERATE
synthetic-0841,public,False,False,False,False,False,False,True,private,False,False,sometimes,True,False,False,False,False,low,False,False,44,HIGH
synthetic-0842,private,False,False,False,False,True,True,False,friends,False,False,often,True,True,True,True,False,medium,True,True,25,MODERATE
synthetic-0843,public,True,False,True,True,True,False,False,private,True,False,sometimes,True,True,True,False,False,low,False,False,54,HIGH
synthetic-0844,friends,False,False,False,False,True,True,False,friends,True,False,often,False,False,True,False,False,medium,True,False,54,HIGH
synthetic-0845,friends,False,False,True,True,False,False,False,friends,False,True,often,True,False,True,True,False,medium,True,False,42,HIGH
synthetic-0846,public,True,False,True,False,True,True,True,friends,False,False,often,True,False,True,False,False,low,True,True,50,HIGH
synthetic-0847,private,False,False,False,False,False,False,False,friends,True,False,rarely,True,False,False,True,False,medium,True,False,25,MODERATE
synthetic-0848,friends,False,False,False,False,False,False,False,friends,True,False,rarely,False,True,True,False,True,medium,True,False,32,MODERATE
synthetic-0849,private,True,False,False,True,True,True,False,friends,True,False,often,True,False,True,True,False,medium,False,False,52,HIGH
synthetic-0850,private,True,False,False,False,False,False,False,private,False,False,often,True,True,True,False,False,high,False,True,30,MODERATE
synthetic-0851,friends,False,True,True,True,False,False,False,friends,False,False,sometimes,True,True,False,False,False,low,True,False,39,MODERATE
synthetic-0852,friends,True,False,True,True,True,True,False,friends,False,False,rarely,False,True,True,False,False,high,False,False,42,HIGH
synthetic-0853,public,False,False,False,True,False,False,True,private,True,False,often,True,True,True,True,True,medium,False,False,55,HIGH
synthetic-0854,friends,False,False,False,True,False,False,False,friends,True,False,sometimes,True,True,False,True,False,medium,False,True,36,MODERATE
synthetic-0855,public,False,False,False,True,True,True,False,friends,True,False,often,True,False,False,False,False,low,False,True,70,HIGH
synthetic-0856,friends,False,False,True,False,False,False,False,public,True,False,sometimes,True,True,True,False,False,low,False,True,39,MODERATE
synthetic-0857,public,False,False,False,False,False,False,False,friends,False,False,often,True,True,True,False,True,high,True,False,35,MODERATE
synthetic-0858,friends,True,False,True,False,False,False,False,friends,False,False,sometimes,True,False,False,False,False,low,True,True,36,MODERATE
synthetic-0859,private,False,False,False,False,False,False,False,friends,False,False,often,True,True,True,True,True,low,True,False,30,MODERATE
synthetic-0860,friends,False,True,False,True,False,True,False,private,True,False,often,False,True,True,False,False,medium,False,False,55,HIGH
synthetic-0861,public,False,True,False,True,False,True,False,public,True,False,often,True,True,True,False,False,low,True,False,58,HIGH
synthetic-0862,friends,False,True,False,False,False,False,False,public,True,False,often,True,False,True,False,False,high,True,False,42,HIGH
synthetic-0863,friends,False,False,False,True,False,False,False,friends,True,True,often,False,False,False,False,False,medium,False,False,72,CRITICAL
synthetic-0864,public,False,False,True,True,False,True,False,friends,False,True,rarely,False,False,False,False,False,medium,True,False,50,HIGH
synthetic-0865,private,False,False,False,True,True,False,False,public,True,False,rarely,True,False,False,True,True,medium,False,False,48,HIGH
synthetic-0866,public,False,True,False,False,True,False,True,private,False,False,often,True,False,True,True,False,medium,False,True,43,HIGH
synthetic-0867,private,False,True,False,False,False,False,True,friends,False,False,often,True,False,False,False,True,high,False,True,55,HIGH
synthetic-0868,public,False,False,True,True,False,True,True,friends,False,False,often,False,False,False,True,False,high,False,True,57,HIGH
synthetic-0869,public,False,True,False,False,False,True,True,friends,False,False,rarely,True,False,True,False,False,medium,True,False,32,MODERATE
synthetic-0870,public,False,False,False,True,True,False,True,public,True,False,sometimes,False,True,False,False,False,low,False,False,62,HIGH
synthetic-0871,friends,False,True,True,False,False,True,False,public,True,False,rarely,False,True,False,True,False,low,True,False,40,MODERATE
synthetic-0872,friends,True,False,True,False,True,True,False,public,True,False,often,True,True,True,True,True,low,True,False,50,HIGH
synthetic-0873,friends,False,False,False,False,True,True,True,friends,False,True,often,True,False,True,True,True,medium,True,True,44,HIGH
synthetic-0874,friends,False,False,False,False,False,False,True,friends,False,False,often,True,True,True,True,False,low,False,True,34,MODERATE
synthetic-0875,friends,False,False,False,False,False,False,False,public,False,True,rarely,True,True,True,False,False,low,False,True,37,MODERATE
synthetic-0876,friends,False,False,False,False,False,False,False,friends,True,False,often,False,False,False,False,False,high,False,False,54,HIGH
synthetic-0877,friends,False,False,False,False,True,True,True,friends,False,False,often,False,True,True,False,False,medium,False,True,52,HIGH
synthetic-0878,public,False,False,True,False,False,False,False,public,False,False,sometimes,False,True,False,True,False,low,False,True,47,HIGH
synthetic-0879,public,False,True,True,False,True,True,False,public,True,False,often,True,False,False,True,False,high,True,True,55,HIGH
synthetic-0880,friends,False,True,False,False,False,False,True,friends,True,False,sometimes,False,False,True,True,False,medium,True,True,39,MODERATE
synthetic-0881,friends,False,False,False,False,True,False,False,public,False,False,often,True,False,True,False,False,low,False,True,47,HIGH
synthetic-0882,friends,False,False,True,False,False,False,True,public,True,False,rarely,True,False,True,False,True,low,False,False,50,HIGH
synthetic-0883,private,True,True,False,False,False,False,True,friends,True,False,often,True,True,False,True,False,low,False,True,48,HIGH
synthetic-0884,friends,True,False,True,True,False,True,False,friends,True,False,rarely,True,True,False,False,False,high,True,False,37,MODERATE
synthetic-0885,public,False,False,True,False,False,False,True,friends,False,False,often,False,False,False,True,False,medium,True,False,47,HIGH
synthetic-0886,friends,False,False,True,True,False,True,False,public,False,False,often,False,True,True,True,False,low,True,True,47,HIGH
synthetic-0887,friends,False,False,False,False,False,True,False,friends,False,False,sometimes,False,False,True,True,False,high,True,False,26,MODERATE
synthetic-0888,public,False,True,True,False,True,False,True,friends,True,False,sometimes,False,True,False,True,False,medium,True,False,44,HIGH
synthetic-0889,public,True,True,False,True,False,True,True,private,False,False,often,True,False,True,True,False,medium,False,False,53,HIGH
synthetic-0890,public,False,False,False,False,False,False,False,private,False,True,rarely,True,True,True,True,True,high,False,False,28,MODERATE
synthetic-0891,friends,False,True,False,False,True,True,False,public,True,False,rarely,False,False,False,True,False,high,False,False,47,HIGH
synthetic-0892,public,False,False,False,False,False,False,False,public,False,False,sometimes,False,False,True,True,False,low,False,True,39,MODERATE
synthetic-0893,public,False,False,False,False,False,True,False,friends,False,True,sometimes,False,False,True,False,False,low,True,True,42,HIGH
synthetic-0894,friends,False,False,False,False,True,True,True,friends,True,True,rarely,True,True,True,True,False,medium,False,False,37,MODERATE
synthetic-0895,public,True,False,False,False,False,False,False,private,False,False,rarely,False,False,False,True,False,high,False,True,32,MODERATE
synthetic-0896,public,False,True,False,True,True,True,True,friends,False,False,sometimes,False,True,False,True,True,high,False,True,52,HIGH
synthetic-0897,friends,False,False,False,True,False,False,False,public,False,False,sometimes,True,False,True,True,False,low,False,True,36,MODERATE
synthetic-0898,friends,False,False,False,True,False,False,True,friends,False,False,sometimes,True,True,False,True,True,high,False,False,39,MODERATE
synthetic-0899,public,False,True,False,True,True,False,True,public,False,True,sometimes,False,False,False,True,False,medium,True,False,54,HIGH
synthetic-0900,friends,False,False,False,True,False,True,False,public,True,False,often,True,True,True,False,False,high,True,False,47,HIGH
synthetic-0901,public,True,False,False,True,False,True,False,friends,True,True,often,False,True,True,False,True,low,True,True,62,HIGH
synthetic-0902,friends,False,False,True,False,False,True,False,friends,False,False,often,False,False,True,True,False,low,False,False,50,HIGH
synthetic-0903,friends,False,False,False,False,True,False,False,friends,False,True,sometimes,False,True,False,True,False,medium,False,True,39,MODERATE
synthetic-0904,public,True,True,True,True,False,True,False,public,False,False,rarely,False,True,False,True,True,medium,False,False,55,HIGH
synthetic-0905,friends,False,False,True,False,True,True,False,friends,False,False,rarely,True,True,True,False,False,low,True,False,27,MODERATE
synthetic-0906,public,True,False,True,False,False,False,True,public,False,False,sometimes,False,False,False,True,False,high,False,False,49,HIGH
synthetic-0907,friends,False,False,True,False,False,False,False,friends,False,False,often,True,True,False,True,False,high,False,False,37,MODERATE
synthetic-0908,private,True,False,True,False,False,True,False,friends,True,False,often,True,True,True,True,False,low,False,True,42,HIGH
synthetic-0909,private,False,False,True,False,False,False,False,friends,False,False,often,False,True,False,True,False,high,False,False,40,MODERATE
synthetic-0910,friends,False,True,True,False,False,True,False,private,False,False,rarely,True,False,False,True,False,low,False,False,37,MODERATE
synthetic-0911,public,False,False,False,False,False,False,False,friends,False,False,often,True,True,True,True,True,high,True,True,27,MODERATE
synthetic-0912,public,False,False,False,False,False,False,False,friends,True,False,sometimes,False,False,True,True,False,medium,True,True,32,MODERATE
synthetic-0913,friends,False,False,False,False,True,True,False,friends,True,False,rarely,False,True,True,True,False,low,True,False,29,MODERATE
synthetic-0914,friends,False,False,False,True,True,False,True,friends,False,False,often,True,True,False,False,False,high,False,True,52,HIGH
synthetic-0915,friends,True,False,True,False,True,True,True,friends,False,False,rarely,True,False,True,True,False,low,False,False,39,MODERATE
synthetic-0916,friends,False,False,False,False,True,False,False,public,False,True,often,True,False,False,False,False,low,False,False,60,HIGH
synthetic-0917,friends,False,False,True,True,False,False,False,public,False,False,sometimes,True,False,True,True,False,high,False,False,36,MODERATE
synthetic-0918,public,True,False,True,False,False,True,False,private,True,False,sometimes,True,False,True,True,False,medium,False,False,42,HIGH
synthetic-0919,friends,True,True,False,True,False,False,False,friends,False,False,sometimes,False,True,False,True,False,high,True,False,34,MODERATE
synthetic-0920,friends,False,False,False,False,False,True,False,friends,False,False,often,False,False,True,True,False,high,False,True,44,HIGH
synthetic-0921,friends,False,False,True,False,True,False,False,public,False,True,rarely,False,True,False,True,True,medium,True,False,44,HIGH
synthetic-0922,friends,False,False,False,False,True,False,False,friends,False,False,rarely,False,True,True,True,False,low,True,True,24,MODERATE
synthetic-0923,public,True,False,True,False,True,False,False,public,False,False,often,True,False,False,False,False,medium,True,False,52,HIGH
synthetic-0924,friends,False,False,False,True,True,False,True,private,True,False,sometimes,True,False,False,True,False,low,False,False,49,HIGH
synthetic-0925,public,True,False,True,False,False,False,True,friends,False,False,sometimes,False,True,True,False,False,low,True,True,36,MODERATE
synthetic-0926,public,True,False,False,False,False,True,False,friends,False,True,sometimes,True,True,True,False,False,high,False,True,36,MODERATE
synthetic-0927,friends,False,False,False,True,False,True,False,public,False,True,often,True,True,True,True,False,low,False,False,50,HIGH
synthetic-0928,friends,True,False,False,False,True,False,False,friends,False,False,rarely,True,False,False,False,False,low,True,True,37,MODERATE
synthetic-0929,private,False,False,False,False,True,False,True,friends,False,True,often,True,False,False,True,True,low,False,False,58,HIGH
synthetic-0930,public,False,False,True,True,True,False,False,friends,False,False,often,False,False,True,True,True,low,False,False,62,HIGH
synthetic-0931,public,True,False,True,False,False,False,False,public,False,False,rarely,True,False,True,True,True,low,False,False,47,HIGH
synthetic-0932,private,False,False,False,False,True,True,False,friends,False,False,often,False,True,False,False,False,low,False,False,52,HIGH
synthetic-0933,friends,False,True,False,True,False,True,True,friends,False,True,rarely,True,False,True,True,True,medium,True,False,39,MODERATE
synthetic-0934,public,False,False,False,False,True,True,False,public,True,False,often,True,False,False,False,False,high,True,False,52,HIGH
synthetic-0935,private,False,False,False,True,True,False,False,public,False,False,sometimes,True,False,True,False,False,medium,False,False,42,HIGH
synthetic-0936,public,False,False,True,False,True,False,True,friends,True,False,often,True,True,True,True,False,low,True,True,45,HIGH
synthetic-0937,private,False,False,True,False,True,True,True,public,False,False,sometimes,False,True,True,False,True,medium,False,True,47,HIGH
synthetic-0938,friends,False,True,False,True,True,False,True,public,True,False,often,True,True,True,True,False,high,False,False,55,HIGH
synthetic-0939,private,True,False,True,False,False,False,False,friends,False,True,often,True,True,False,False,False,medium,False,False,50,HIGH
synthetic-0940,friends,False,False,False,False,False,True,False,private,True,False,sometimes,False,False,False,False,False,medium,False,False,54,HIGH
synthetic-0941,public,False,False,True,False,False,False,False,friends,False,True,often,True,True,True,True,False,high,False,False,45,HIGH
synthetic-0942,friends,False,False,False,False,True,True,True,public,True,True,often,False,True,False,False,False,high,False,False,65,HIGH
synthetic-0943,friends,False,True,True,False,False,False,False,friends,False,True,sometimes,False,True,True,True,False,low,False,True,44,HIGH
synthetic-0944,friends,False,False,False,False,False,False,False,public,False,False,often,True,True,False,False,True,high,True,True,37,MODERATE
synthetic-0945,private,False,True,False,True,True,False,False,friends,False,True,sometimes,True,False,True,False,False,high,False,True,47,HIGH
synthetic-0946,public,False,False,True,False,True,False,True,friends,False,False,sometimes,True,True,True,True,True,high,True,False,29,MODERATE
synthetic-0947,friends,True,False,True,True,False,False,True,public,False,False,rarely,True,True,True,False,False,low,False,False,42,HIGH
synthetic-0948,friends,True,False,False,False,True,True,True,private,True,False,often,False,True,False,False,False,high,True,False,55,HIGH
synthetic-0949,public,False,True,False,False,False,True,False,public,False,False,sometimes,False,True,True,False,False,low,True,True,37,MODERATE
synthetic-0950,private,False,False,False,True,False,True,False,friends,False,False,rarely,True,True,True,True,False,medium,False,False,30,MODERATE
synthetic-0951,private,False,False,False,False,False,False,False,public,False,False,rarely,False,True,True,False,True,low,False,True,35,MODERATE
synthetic-0952,public,False,False,True,False,False,False,False,friends,False,True,sometimes,True,True,False,False,True,high,True,False,44,HIGH
synthetic-0953,friends,False,False,True,False,False,False,False,friends,True,False,rarely,True,True,True,False,False,high,False,True,27,MODERATE
synthetic-0954,friends,False,False,True,False,False,True,True,friends,False,False,sometimes,False,False,True,True,False,high,False,False,39,MODERATE
synthetic-0955,friends,True,False,True,False,False,False,False,private,False,False,often,False,True,True,False,False,low,False,False,52,HIGH
synthetic-0956,friends,False,False,False,False,False,False,False,friends,False,True,often,True,True,True,False,False,medium,False,True,40,MODERATE
synthetic-0957,public,False,True,True,False,True,False,False,public,False,True,rarely,True,False,False,True,False,low,True,False,42,HIGH
synthetic-0958,public,False,False,True,False,False,False,False,friends,False,False,sometimes,True,True,True,True,False,low,False,False,32,MODERATE
synthetic-0959,friends,False,False,False,False,False,False,False,friends,True,False,often,True,True,False,True,False,high,False,False,44,HIGH
synthetic-0960,friends,True,False,True,False,True,True,False,private,False,False,often,True,True,True,False,True,low,True,False,45,HIGH
synthetic-0961,public,False,False,False,True,False,True,False,friends,False,True,often,True,True,True,True,False,low,False,True,47,HIGH
synthetic-0962,private,False,True,True,True,False,False,False,friends,True,False,sometimes,False,True,False,False,True,medium,True,False,49,HIGH
synthetic-0963,private,True,False,False,False,True,False,True,friends,False,False,often,True,False,False,False,True,medium,False,True,60,HIGH
synthetic-0964,public,False,False,True,False,False,False,True,friends,False,False,sometimes,True,True,True,True,True,medium,False,False,36,MODERATE
synthetic-0965,private,True,False,False,False,True,False,False,private,False,False,sometimes,True,False,False,True,False,medium,True,False,32,MODERATE
synthetic-0966,private,False,False,False,True,True,True,True,friends,True,False,rarely,False,False,False,True,False,low,False,True,50,HIGH
synthetic-0967,friends,False,True,False,False,True,True,False,friends,False,True,rarely,False,False,True,True,False,high,True,False,32,MODERATE
synthetic-0968,public,False,False,False,False,False,False,False,public,False,False,sometimes,True,False,True,False,True,high,True,True,32,MODERATE
synthetic-0969,private,False,False,True,False,True,False,False,friends,False,False,often,False,True,True,False,False,low,True,False,40,MODERATE
synthetic-0970,public,True,False,False,False,False,True,True,public,True,False,often,True,False,False,True,False,medium,False,False,60,HIGH
synthetic-0971,friends,False,True,False,False,False,False,False,friends,False,False,often,False,True,True,True,True,medium,False,True,42,HIGH
synthetic-0972,friends,False,False,True,False,False,True,False,public,False,False,sometimes,True,True,True,True,False,low,True,True,29,MODERATE
synthetic-0973,friends,False,False,False,False,True,True,False,friends,False,False,sometimes,True,True,True,True,False,high,True,False,19,LOW
synthetic-0974,friends,False,False,True,False,False,False,False,public,False,True,often,False,False,True,False,False,medium,False,True,55,HIGH
synthetic-0975,friends,False,False,False,False,False,True,False,friends,True,False,rarely,False,True,True,True,False,medium,False,False,37,MODERATE
synthetic-0976,private,True,False,True,True,True,False,True,public,True,True,rarely,True,True,False,True,False,low,False,False,58,HIGH
synthetic-0977,private,False,False,True,True,False,False,False,friends,False,False,sometimes,False,True,True,False,False,low,True,False,34,MODERATE
synthetic-0978,friends,False,False,False,False,False,True,False,friends,True,False,often,False,True,True,True,True,medium,False,False,50,HIGH
synthetic-0979,friends,False,False,True,False,False,True,False,private,False,False,sometimes,False,True,True,False,False,high,True,True,29,MODERATE
synthetic-0980,friends,False,False,True,False,True,True,False,private,False,False,sometimes,False,True,True,True,False,medium,True,False,32,MODERATE
synthetic-0981,public,False,False,False,False,False,True,False,friends,True,True,sometimes,True,True,True,True,False,high,False,False,42,HIGH
synthetic-0982,public,True,False,True,False,True,False,False,friends,False,True,rarely,False,False,True,True,False,medium,False,True,47,HIGH
synthetic-0983,public,False,True,True,False,False,False,False,friends,True,False,often,False,True,True,True,False,low,False,False,57,HIGH
synthetic-0984,friends,False,True,True,False,True,True,True,private,False,False,rarely,False,True,True,False,True,medium,False,False,45,HIGH
synthetic-0985,private,False,False,False,True,False,False,False,friends,False,False,often,True,True,False,True,True,low,True,False,40,MODERATE
synthetic-0986,friends,True,False,True,False,True,False,False,private,True,True,sometimes,False,False,True,True,True,high,True,True,42,HIGH
synthetic-0987,public,True,False,False,False,True,True,False,friends,False,False,often,True,False,True,True,False,medium,False,False,47,HIGH
synthetic-0988,friends,False,True,False,False,True,False,True,public,True,False,often,False,False,True,False,False,high,False,False,60,HIGH
synthetic-0989,private,False,False,True,False,True,True,True,public,False,True,sometimes,False,True,True,True,False,low,True,False,44,HIGH
synthetic-0990,private,False,False,False,False,True,False,False,public,True,False,often,False,True,True,True,True,high,False,True,50,HIGH
synthetic-0991,friends,False,True,False,False,False,False,False,public,False,True,rarely,True,False,True,True,False,low,True,False,30,MODERATE
synthetic-0992,public,False,False,False,False,True,False,True,private,False,False,often,True,False,True,True,False,high,False,False,40,MODERATE
synthetic-0993,private,True,False,False,True,True,False,False,private,True,True,often,False,True,True,True,False,low,False,True,58,HIGH
synthetic-0994,private,False,False,True,False,False,True,False,public,False,False,rarely,True,False,False,False,False,high,True,True,28,MODERATE
synthetic-0995,private,False,True,False,False,False,True,True,friends,False,True,sometimes,True,False,True,False,False,medium,True,False,42,HIGH
synthetic-0996,friends,True,False,False,True,False,False,False,public,True,True,often,False,False,False,True,True,medium,False,False,77,CRITICAL
synthetic-0997,friends,False,True,True,False,True,False,False,public,False,True,rarely,False,True,True,False,False,high,False,False,42,HIGH
synthetic-0998,friends,False,True,False,False,True,False,False,friends,True,False,often,True,True,True,True,False,high,False,True,42,HIGH
synthetic-0999,friends,False,False,False,False,False,True,False,public,False,False,rarely,True,True,False,True,False,medium,False,False,34,MODERATE
synthetic-1000,friends,False,False,True,False,False,True,False,friends,False,False,often,False,False,True,False,False,high,True,False,47,HIGH
